,datetime,datenum,avg_power,max_power,avg_energy,minute_diff,energy_diff,out_humid,out_temp,out_light,next_humid,next_temp,next_heatindex,predicted_time_diff
0,17-Nov-2021 10:02:00,738477.418055556,2754.3,2786.3,328.91,17,0.0600000000000023,69.7970588235294,30.0627450980392,54612,63.0214285714286,27.125,28.4753571428571,8.174351
1,17-Nov-2021 10:19:00,738477.429861111,2876.1,3061.0,328.97,12,0.0799999999999841,67.0652777777778,31.0180555555556,54612,63.1388888888889,26.175,27.1590277777778,8.583913
2,17-Nov-2021 10:31:00,738477.438194444,2832.13,2914.2,329.05,13,0.0999999999999659,64.4141025641026,31.5115384615385,54612,65.3307692307692,25.5384615384615,25.8629487179487,8.914941
3,17-Nov-2021 10:44:00,738477.447222222,2751.1,2837.7,329.15,9,0.0600000000000023,62.012962962963,31.8722222222222,54612,65.9481481481481,25.3092592592593,25.6177777777778,8.920608
4,17-Nov-2021 10:53:00,738477.453472222,2817.57,2888.5,329.21,14,0.110000000000014,60.2869047619048,32.2785714285714,54612,66.1083333333333,25.202380952381,25.5038095238095,8.880517
5,17-Nov-2021 11:07:00,738477.463194444,2786.23,2813.9,329.32,11,0.0799999999999841,56.7378787878788,32.7242424242424,54612,65.7287878787879,25.15,25.4368181818182,8.529936
6,17-Nov-2021 11:18:00,738477.470833333,2806.6,2920.2,329.4,11,0.0600000000000023,55.25,33.0833333333333,54612,67.2378787878788,25.1636363636364,25.4909090909091,8.53932
7,17-Nov-2021 11:29:00,738477.478472222,2018.7,86.1,329.46,13,0.120000000000005,55.0858974358974,33.2833333333333,54612,66.3833333333333,25.1435897435897,25.4471794871795,8.497532
8,17-Nov-2021 11:42:00,738477.4875,2769.1,2799.1,329.58,13,0.0800000000000409,53.8948717948718,33.6448717948718,54612,66.5666666666667,25.0846153846154,25.3864102564103,8.466626
9,17-Nov-2021 11:55:00,738477.496527778,2832.13,2893.1,329.66,23,0.0999999999999659,53.7333333333333,33.6811594202899,54612,66.586231884058,25.0775362318841,25.379347826087,8.459036
10,17-Nov-2021 12:18:00,738477.5125,2864.03,2935.6,329.76,11,0.0500000000000114,52.5892307692308,33.7476923076923,54612,67.2712121212121,25.3924242424243,25.7433333333333,8.239153
11,17-Nov-2021 12:29:00,738477.520138889,2020.6,83.2,329.81,14,0.120000000000005,52.3928571428571,33.9559523809524,54612,68.010843373494,26.0072289156627,27.2084337349398,8.033006
12,17-Nov-2021 12:43:00,738477.529861111,2866.1,2913.2,329.93,12,0.0999999999999659,50.1097222222222,33.9861111111111,54612,68.3402777777778,26.4125,27.8183333333333,7.72727
13,17-Nov-2021 12:55:00,738477.538194444,2813.27,2892.4,330.03,11,0.07000000000005,49.9257575757576,33.8166666666667,54612,68.6939393939394,26.6742424242424,28.2340909090909,7.6680813
14,17-Nov-2021 13:06:00,738477.545833333,2943.87,3080.4,330.1,12,0.0999999999999659,51.0069444444444,33.7236111111111,54612,68.8722222222222,26.9,28.6004166666667,7.622492
15,17-Nov-2021 13:18:00,738477.554166667,2817.7,2854.5,330.2,12,0.0699999999999932,50.9472222222222,33.8083333333333,54612,69.0263888888889,27.0805555555556,28.9095833333333,7.5676775
16,17-Nov-2021 13:30:00,738477.5625,2891.2,3033.9,330.27,11,0.0900000000000318,50.1106060606061,33.8787878787879,54612,69.1045454545455,27.2272727272727,29.1610606060606,7.556244
17,17-Nov-2021 13:41:00,738477.570138889,2856.23,2882.0,330.36,12,0.120000000000005,50.1222222222222,33.9625,54612,69.2291666666667,27.3555555555555,29.3945833333333,7.5471773
18,17-Nov-2021 13:53:00,738477.578472222,2613.0,2885.4,330.48,21,0.25,48.6079365079365,34.1674603174603,54612,69.4285714285714,27.4880952380952,29.6495238095238,7.634837
19,17-Nov-2021 14:14:00,738477.593055556,2805.83,2833.6,330.73,9,0.0799999999999841,47.6074074074074,34.2648148148148,54612,69.4666666666667,27.5888888888889,29.8324074074074,7.6645784
20,17-Nov-2021 14:23:00,738477.599305556,3025.9,3081.7,330.81,11,0.180000000000007,48.7,34.3257575757576,54612,69.4515151515151,27.6,29.8501515151515,7.6187677
21,17-Nov-2021 14:34:00,738477.606944444,2786.77,2838.2,330.99,9,0.0799999999999841,48.5703703703704,34.2481481481481,54612,69.3944444444444,27.6092592592593,29.8587037037037,7.5991335
22,17-Nov-2021 14:43:00,738477.613194444,2996.9,3122.8,331.07,10,0.120000000000005,49.83,34.2266666666667,54612,69.3683333333333,27.68,29.9891666666667,7.511507
23,17-Nov-2021 14:53:00,738477.620138889,3011.5,3171.8,331.19,11,0.149999999999977,50.0560606060606,34.3606060606061,54612,69.3560606060606,27.7227272727273,30.065,7.5033712
24,17-Nov-2021 15:04:00,738477.627777778,2810.33,2899.1,331.34,10,0.0900000000000318,50.2,34.2316666666667,54612,69.315,27.775,30.1555,7.452692
25,17-Nov-2021 15:14:00,738477.634722222,3080.0,3308.6,331.43,23,0.279999999999973,50.3144927536232,34.4326086956522,54612,68.286231884058,27.7804347826087,30.0626811594203,7.290681
26,17-Nov-2021 15:37:00,738477.650694444,2823.37,2836.2,331.71,11,0.100000000000023,50.2106060606061,34.4681818181818,54612,57.2969696969697,26.6151515151515,27.4690909090909,6.6648016
27,17-Nov-2021 15:48:00,738477.658333333,2936.15,3067.4,331.81,12,0.120000000000005,51.0208333333333,34.2541666666667,54612,57.7736111111111,26.0541666666667,26.7886111111111,7.027586
28,17-Nov-2021 16:00:00,738477.666666667,2904.37,3177.3,331.93,12,0.110000000000014,51.5472222222222,33.9541666666667,54612,58.0902777777778,25.6708333333333,25.8102777777778,7.242488
29,17-Nov-2021 16:12:00,738477.675,2908.67,3082.7,332.04,12,0.120000000000005,52.4788732394366,33.8140845070423,54612,60.9916666666667,25.6027777777778,25.8105555555556,7.612997
30,17-Nov-2021 16:24:00,738477.683333333,2743.3,2762.3,332.16,13,0.109999999999957,53.0384615384615,33.6653846153846,54612,60.8467532467532,25.4974025974026,25.6911688311688,7.694372
31,17-Nov-2021 16:37:00,738477.692361111,2770.03,2801.7,332.27,12,0.110000000000014,53.2875,33.5861111111111,54612,62.6625,25.3916666666667,25.6227777777778,7.91313
32,17-Nov-2021 16:49:00,738477.700694444,2721.27,2728.0,332.38,15,0.120000000000005,54.3266666666667,33.3888888888889,54612,62.9077777777778,25.3288888888889,25.5594444444444,8.054342
33,17-Nov-2021 17:04:00,738477.711111111,2717.2,2769.4,332.5,15,0.100000000000023,54.9611111111111,33.2888888888889,54612,62.8488888888889,25.2733333333333,25.4974444444444,8.131898
34,17-Nov-2021 17:19:00,738477.721527778,2751.73,2779.0,332.6,14,0.0999999999999659,56.8880952380952,33.0761904761905,54612,64.0154761904762,25.1916666666667,25.437380952381,8.457559
35,17-Nov-2021 17:33:00,738477.73125,2722.17,2752.8,332.7,14,0.0900000000000318,57.7880952380952,32.8630952380952,54612,63.9678571428571,25.1476190476191,25.3875,8.540588
36,17-Nov-2021 17:47:00,738477.740972222,2843.5,2959.7,332.79,12,0.120000000000005,57.1513888888889,32.6652777777778,54612,64.6694444444445,25.1555555555556,25.4151388888889,8.478223
37,17-Nov-2021 17:59:00,738477.749305556,2732.43,2815.7,332.91,14,0.089999999999975,58.8619047619048,32.4464285714286,54612,65.1940476190476,25.1345238095238,25.4058333333333,8.695666
38,17-Nov-2021 18:13:00,738477.759027778,2777.25,2830.7,333.0,16,0.110000000000014,60.5489583333333,32.0333333333333,54612,65.4125,25.1270833333333,25.4029166666667,8.84002
39,17-Nov-2021 18:29:00,738477.770138889,2750.1,2922.0,333.11,60,0.159999999999968,59.8680555555556,31.3944444444444,54612,65.1708333333333,25.07,25.3341944444444,8.6357155
40,17-Nov-2021 19:29:00,738477.811805556,1814.7,86.5,333.27,24,0.0699999999999932,61.9694444444444,31.0347222222222,54612,65.3069444444445,25.0479166666667,25.3133333333333,8.777529
41,17-Nov-2021 19:53:00,738477.828472222,2761.07,2886.6,333.34,27,0.110000000000014,63.8385093167702,30.8751552795031,54612,65.7327160493827,25.0222222222222,25.295987654321,8.974296
42,17-Nov-2021 20:20:00,738477.847222222,2642.2,2677.9,333.45,23,0.0900000000000318,65.2123188405797,30.7086956521739,54612,66.5043795620438,25.0094890510949,25.3023357664234,9.1426325
43,17-Nov-2021 20:43:00,738477.863194444,2688.7,2874.7,333.54,44,0.129999999999995,66.9897338403042,30.5182509505704,54612,66.8435606060606,24.9234848484849,25.2164015151515,9.344255
44,18-Nov-2021 09:12:00,738478.383333333,2751.0,2819.9,334.45,62,0.28000000000003,61.6193452380952,31.2342261904762,54612,58.8456456456457,25.7804804804805,26.0915915915916,7.923868
45,18-Nov-2021 10:14:00,738478.426388889,2790.03,2853.8,334.73,16,0.0999999999999659,59.1736842105263,31.9431578947368,54612,60.8697916666667,25.428125,25.6157291666667,8.142024
46,18-Nov-2021 10:30:00,738478.4375,2817.3,2884.2,334.83,24,0.110000000000014,59.0368055555556,31.98125,54612,63.3291666666667,25.3951388888889,25.6435416666667,8.351623
47,18-Nov-2021 10:54:00,738478.454166667,2758.43,2894.8,334.94,13,0.100000000000023,58.6935897435897,32.4974358974359,54612,64.475641025641,25.4423076923077,25.7725641025641,8.486323
48,18-Nov-2021 11:07:00,738478.463194444,2643.85,2674.8,335.04,13,0.0699999999999932,57.4051282051282,32.4858974358974,54612,67.401282051282,26.1423076923077,27.3941025641026,8.252282
49,18-Nov-2021 11:20:00,738478.472222222,2814.53,2968.0,335.11,12,0.089999999999975,58.1763888888889,32.3569444444445,54612,68.8555555555556,26.6694444444444,28.2413888888889,8.20397
50,18-Nov-2021 11:32:00,738478.480555556,2813.5,2896.1,335.2,14,0.120000000000005,56.9095238095238,32.9071428571429,54612,69.322619047619,27.027380952381,28.8453571428571,8.068294
51,18-Nov-2021 11:46:00,738478.490277778,2758.1,2859.2,335.32,13,0.110000000000014,55.2871794871795,33.4730769230769,54612,68.9820512820513,27.2217948717949,29.1437179487179,7.8458347
52,18-Nov-2021 11:59:00,738478.499305556,2378.3,2710.2,335.43,12,0.089999999999975,55.1319444444444,33.6013888888889,54612,68.9458333333333,27.4194444444444,29.4776388888889,7.7501583
53,18-Nov-2021 12:11:00,738478.507638889,2743.7,2772.8,335.52,11,0.0900000000000318,55.1560606060606,33.4757575757576,54612,68.6545454545455,27.5878787878788,29.7419696969697,7.624466
54,18-Nov-2021 12:22:00,738478.515277778,2734.85,2769.6,335.61,6,0.0600000000000023,55.5722222222222,33.1333333333333,54612,68.9055555555555,27.6194444444445,29.8252777777778,7.6453075
55,18-Nov-2021 12:28:00,738478.519444444,1988.6,85.5,335.67,14,0.169999999999959,56.1607142857143,33.3345238095238,54612,69.1166666666667,27.7047619047619,30.0020238095238,7.70817
56,18-Nov-2021 12:42:00,738478.529166667,2831.4,2898.3,335.84,10,0.120000000000005,55.98,33.6366666666667,54612,69.1677966101695,27.7932203389831,30.1705084745763,7.70619
57,18-Nov-2021 12:52:00,738478.536111111,2918.4,2945.0,335.96,46,0.53000000000003,57.0880434782609,33.3782608695652,54612,69.3989130434783,27.9800724637681,30.5507608695652,7.723913
58,18-Nov-2021 13:38:00,738478.568055556,2777.0,2803.7,336.49,12,0.139999999999986,57.9486111111111,33.1638888888889,54612,69.5722222222222,28.1,30.8033333333333,7.7458553
59,18-Nov-2021 13:50:00,738478.576388889,2756.03,2784.1,336.63,38,0.360000000000014,57.4246696035242,33.3211453744493,54612,69.7232456140351,28.1245614035088,30.871447368421,7.720148
60,18-Nov-2021 14:28:00,738478.602777778,2737.43,2772.4,336.99,24,0.230000000000018,56.0270833333333,33.5395833333333,54612,69.91875,28.1986111111111,31.0436111111111,7.6260796
61,18-Nov-2021 14:52:00,738478.619444444,3049.7,3283.9,337.22,26,0.25,57.4269230769231,33.1096153846154,54612,70.050641025641,28.2615384615384,31.1884615384615,7.6927805
62,18-Nov-2021 15:18:00,738478.6375,2970.4,3058.7,337.47,14,0.169999999999959,57.7940476190476,32.8761904761905,54612,70.0392857142857,28.3,31.2629761904762,7.6815195
63,18-Nov-2021 15:32:00,738478.647222222,2708.87,2711.7,337.64,34,0.220000000000027,58.2710784313725,32.6362745098039,54612,60.5225490196079,27.2519607843137,28.7517647058824,7.3148146
64,18-Nov-2021 16:06:00,738478.670833333,2759.07,2853.0,337.86,15,0.0999999999999659,57.8322222222222,32.8322222222222,54612,56.2,25.9755555555555,26.3705555555556,7.521099
65,18-Nov-2021 16:21:00,738478.68125,2858.73,3027.7,337.96,15,0.120000000000005,57.8177777777778,32.8822222222222,54612,57.42,25.7377777777778,25.8663333333333,7.738147
66,18-Nov-2021 16:36:00,738478.691666667,2735.67,2811.5,338.08,14,0.0900000000000318,59.1476190476191,32.8130952380952,54612,59.866265060241,25.5518072289157,25.7257831325301,8.173056
67,18-Nov-2021 16:50:00,738478.701388889,2785.13,2882.7,338.17,16,0.129999999999995,59.5052083333333,32.5739583333333,54612,61.2958333333333,25.475,25.6782291666667,8.322119
68,18-Nov-2021 17:06:00,738478.7125,2722.55,2762.5,338.3,16,0.0999999999999659,60.2260416666667,32.24375,54612,62.2739583333333,25.3854166666667,25.605625,8.465613
69,18-Nov-2021 17:22:00,738478.723611111,2727.87,2763.0,338.4,24,0.110000000000014,60.2541666666667,31.95625,54612,62.79375,25.2777777777778,25.5005555555556,8.503581
70,19-Nov-2021 08:51:00,738479.36875,2749.2,2776.7,339.7,44,0.180000000000007,69.5149606299212,30.465748031496,54612,63.2984848484849,25.3045454545455,25.5432196969697,9.114019
71,19-Nov-2021 09:35:00,738479.399305556,2804.1,2993.1,339.88,13,0.100000000000023,67.7782051282051,31.325641025641,54612,64.6128205128205,25.2576923076923,25.5261538461538,9.281752
72,19-Nov-2021 09:48:00,738479.408333333,2674.65,2761.0,339.98,13,0.0699999999999932,66.9410256410256,31.5141025641026,54612,64.925641025641,25.2474358974359,25.5228205128205,9.27427
73,19-Nov-2021 10:01:00,738479.417361111,2799.87,2915.0,340.05,11,0.0999999999999659,66.4848484848485,31.6287878787879,54612,65.7954545454545,25.1818181818182,25.4736363636364,9.359448
74,19-Nov-2021 10:12:00,738479.425,2751.43,2881.5,340.15,12,0.0900000000000318,65.4041666666667,31.8166666666667,54612,65.6263888888889,25.2,25.4893055555556,9.273729
75,19-Nov-2021 10:24:00,738479.433333333,2799.53,2923.3,340.24,36,0.129999999999995,63.9134259259259,32.0046296296296,54612,64.9152777777778,25.1199074074074,25.3821296296296,9.147329
76,19-Nov-2021 11:00:00,738479.458333333,2671.73,2714.6,340.37,40,0.180000000000007,62.455,32.2975,54612,64.8204166666667,25.07375,25.3292916666667,9.085541
77,19-Nov-2021 11:40:00,738479.486111111,2824.75,2895.4,340.55,90,0.159999999999968,57.3771799628943,33.391651205937,54612,64.352319109462,24.9293135435993,25.1580333951763,8.726761
78,19-Nov-2021 13:10:00,738479.548611111,2946.6,2965.2,340.71,18,0.100000000000023,55.5018518518519,33.6370370370371,54612,64.6657407407407,24.9861111111111,25.2289814814815,8.54775
79,19-Nov-2021 13:28:00,738479.561111111,2801.75,2996.6,340.81,19,0.120000000000005,54.6061403508772,33.7412280701754,54612,64.5973684210526,24.9017543859649,25.1341228070175,8.492138
80,19-Nov-2021 13:47:00,738479.574305556,2780.55,2814.6,340.93,29,0.0999999999999659,54.2862068965517,33.9201149425287,54612,65.9620689655172,25.0373563218391,25.3187931034483,8.540434
81,19-Nov-2021 14:16:00,738479.594444444,2978.3,3222.9,341.03,34,0.130000000000052,53.6083333333333,34.1357843137255,54612,66.5960784313725,25.0088235294118,25.304362745098,8.56347
82,19-Nov-2021 14:50:00,738479.618055556,2844.3,2925.1,341.16,10,0.0399999999999636,53.7416666666667,34.165,54612,70.7133333333333,25.3866666666667,25.8625,8.931557
83,19-Nov-2021 15:00:00,738479.625,1993.67,82.2,341.2,6,0.0900000000000318,54.4638888888889,34.2444444444444,54612,70.6972222222222,25.8277777777778,27.0705555555555,8.762546
84,19-Nov-2021 15:06:00,738479.629166667,2921.45,2988.8,341.29,17,0.239999999999952,52.6872549019608,34.4333333333333,54612,70.0372549019608,26.2539215686274,27.6711764705882,8.337181
85,19-Nov-2021 15:23:00,738479.640972222,2959.57,3306.0,341.53,10,0.110000000000014,52.6866666666667,34.125,54612,69.76,26.6,28.1861666666667,8.0900755
86,19-Nov-2021 15:33:00,738479.647916667,2883.63,2943.3,341.64,11,0.129999999999995,52.8045454545455,34.0939393939394,54612,69.6454545454546,26.7818181818182,28.4675757575758,7.9963436
87,19-Nov-2021 15:44:00,738479.655555556,3005.13,3304.1,341.77,11,0.129999999999995,52.7227272727273,34.1984848484848,54612,69.5954545454545,26.9363636363636,28.7163636363636,7.918727
88,19-Nov-2021 15:55:00,738479.663194444,2913.1,3165.7,341.9,11,0.120000000000005,52.9769230769231,34.2276923076923,54612,69.5106060606061,27.0636363636364,28.9207575757576,7.8719006
89,19-Nov-2021 16:06:00,738479.670833333,2875.8,2963.3,342.02,11,0.129999999999995,53.1515151515151,34.2772727272727,54612,69.6569230769231,27.1646153846154,29.1055384615385,7.869917
90,19-Nov-2021 16:17:00,738479.678472222,2843.55,2854.8,342.15,11,0.0800000000000409,53.430303030303,34.0818181818182,54612,69.8651515151515,27.3272727272727,29.4057575757576,7.839737
91,19-Nov-2021 16:28:00,738479.686111111,2978.75,3008.1,342.23,12,0.129999999999995,53.8277777777778,33.95,54612,70.0597222222222,27.4847222222222,29.7091666666667,7.825471
92,19-Nov-2021 16:40:00,738479.694444444,2946.17,3052.0,342.36,25,0.240000000000009,55.5006711409396,33.5899328859061,54612,70.662,27.646,30.0738,7.95977
93,19-Nov-2021 17:05:00,738479.711805556,3012.25,3157.5,342.6,13,0.139999999999986,56.8217948717949,33.2833333333334,54612,70.7397435897436,27.7628205128205,30.3035897435897,7.998394
94,19-Nov-2021 17:18:00,738479.720833333,2821.93,2909.5,342.74,13,0.089999999999975,57.4217948717949,33.1346153846154,54612,70.5038461538462,27.7948717948718,30.3370512820513,7.979807
95,19-Nov-2021 17:31:00,738479.729861111,2862.7,3007.8,342.83,14,0.150000000000034,57.9142857142857,32.9630952380952,54612,70.4845238095238,27.8583333333333,30.4561904761905,7.971919
96,19-Nov-2021 17:45:00,738479.739583333,2831.33,2946.8,342.98,27,0.240000000000009,58.4475308641975,32.8283950617284,54612,70.5320987654321,27.9327160493827,30.6053703703704,7.9768744
97,19-Nov-2021 18:12:00,738479.758333333,2829.03,2933.6,343.22,14,0.119999999999948,59.1630952380952,32.7321428571429,54612,70.2964285714286,28.0428571428571,30.790119047619,7.937396
98,19-Nov-2021 18:26:00,738479.768055556,2798.8,2995.8,343.34,13,0.110000000000014,59.6961538461538,32.6397435897436,54612,70.4025641025641,28.0833333333333,30.885,7.9712353
99,19-Nov-2021 18:39:00,738479.777083333,2914.5,3084.4,343.45,28,0.270000000000039,60.125,32.5571428571429,54612,70.6267857142857,28.1755952380953,31.0994642857143,7.99366
100,19-Nov-2021 19:07:00,738479.796527778,2712.87,2720.7,343.72,14,0.109999999999957,63.1571428571429,32.4309523809524,54612,70.4,28.2964285714286,31.31,8.165791
101,19-Nov-2021 19:21:00,738479.80625,2731.63,2816.5,343.83,14,0.120000000000005,64.2583333333333,32.2928571428571,54612,69.4714285714286,28.3166666666667,31.2138095238095,8.155606
102,19-Nov-2021 19:35:00,738479.815972222,2696.8,2703.9,343.95,14,0.100000000000023,65.0869047619048,32.2071428571429,54612,69.7619047619048,28.4583333333333,31.5429761904762,8.175692
103,19-Nov-2021 19:49:00,738479.825694444,2871.73,3182.6,344.05,15,0.149999999999977,65.8133333333333,32.1211111111111,54612,70.8811111111111,28.4922222222222,31.7906666666667,8.303222
104,19-Nov-2021 20:04:00,738479.836111111,2670.5,2686.3,344.2,14,0.120000000000005,66.5547619047619,32.0261904761905,54612,71.2060240963856,28.4132530120482,31.674578313253,8.416566
105,19-Nov-2021 20:18:00,738479.845833333,2675.97,2685.3,344.32,13,0.0900000000000318,67.3538461538461,31.8717948717949,54612,71.2794871794872,28.3961538461538,31.6517948717949,8.471903
106,19-Nov-2021 20:31:00,738479.854861111,2836.8,2962.4,344.41,13,0.149999999999977,67.8923076923077,31.8371794871795,54612,71.3179487179487,28.4,31.6661538461538,8.518307
107,19-Nov-2021 20:44:00,738479.863888889,2678.8,2709.8,344.56,13,0.129999999999995,68.3012987012987,31.7727272727273,54612,71.175641025641,28.4038461538461,31.6492307692308,8.529632
108,19-Nov-2021 20:57:00,738479.872916667,2658.1,2672.0,344.69,12,0.089999999999975,67.6513888888889,31.7083333333333,54612,71.2458333333334,28.425,31.7061111111111,8.445246
109,19-Nov-2021 21:09:00,738479.88125,2954.6,3173.1,344.78,11,0.0900000000000318,67.6106060606061,31.6909090909091,54612,71.4378787878788,28.4621212121212,31.8159090909091,8.435646
110,20-Nov-2021 10:18:00,738480.429166667,2575.83,2585.1,345.87,78,0.259999999999991,65.3700507614213,31.4733502538071,54612,68.1477088948787,25.2045822102426,25.7422911051213,9.393084
111,20-Nov-2021 11:36:00,738480.483333333,2827.23,2907.8,346.13,18,0.100000000000023,61.25,32.0342592592593,54612,69.7259259259259,26.4685185185185,27.9793518518519,8.662839
112,20-Nov-2021 11:54:00,738480.495833333,2842.93,3006.4,346.23,16,0.109999999999957,60.590625,32.4302083333333,54612,69.5572916666667,26.790625,28.47625,8.513355
113,20-Nov-2021 12:10:00,738480.506944444,2815.75,2888.2,346.34,14,0.07000000000005,58.572619047619,32.8702380952381,54612,69.7904761904762,27.0202380952381,28.8740476190476,8.280052
114,20-Nov-2021 12:24:00,738480.516666667,2933.1,3012.2,346.41,9,0.139999999999986,57.6277777777778,33.2166666666667,54612,70.7388888888889,27.1666666666667,29.2077777777778,8.32615
115,20-Nov-2021 12:33:00,738480.522916667,2699.67,2731.4,346.55,41,0.479999999999961,55.1361788617886,34.0048780487805,54612,69.2232653061224,27.3171428571429,29.4389795918367,7.8973455
116,20-Nov-2021 13:14:00,738480.551388889,2866.7,2928.1,347.03,13,0.160000000000025,54.5884615384615,33.8807692307692,54612,59.8602564102564,25.65,25.880641025641,7.78407
117,20-Nov-2021 13:27:00,738480.560416667,2703.13,2721.2,347.19,12,0.100000000000023,56.4611111111111,33.7388888888889,54612,56.6625,25.1111111111111,25.1568055555556,7.9652014
118,20-Nov-2021 13:39:00,738480.56875,2741.73,2772.4,347.29,13,0.109999999999957,56.0935897435897,33.8307692307692,54612,56.8589743589744,25.0076923076923,25.0475641025641,8.001962
119,20-Nov-2021 13:52:00,738480.577777778,2826.4,2915.8,347.4,11,0.100000000000023,54.9106060606061,34.1712121212121,54612,59.5878787878788,24.769696969697,24.8572727272727,8.259827
120,20-Nov-2021 14:03:00,738480.585416667,2859.93,2995.0,347.5,15,0.0799999999999841,54.4977777777778,34.2288888888889,54612,60.6933333333333,24.9255555555556,25.0577777777778,8.23892
121,21-Nov-2021 09:55:00,738481.413194444,2563.37,2651.1,349.49,67,0.189999999999998,70.5918635170604,31.8994750656168,54612,66.8708994708995,25.008201058201,25.310582010582,10.013539
122,21-Nov-2021 11:02:00,738481.459722222,2745.97,2824.2,349.68,17,0.0999999999999659,66.5911764705882,32.8441176470588,54612,67.2264705882353,25.1274509803922,25.4511764705882,9.815142
123,21-Nov-2021 11:19:00,738481.471527778,2667.9,2688.9,349.78,18,0.0900000000000318,64.0935185185185,33.3287037037037,54612,67.6731481481482,25.0907407407408,25.4224074074074,9.73601
124,21-Nov-2021 11:37:00,738481.484027778,2771.8,2867.5,349.87,21,0.0699999999999932,65.2404761904762,33.2515873015873,54612,69.0309523809524,25.1063492063492,25.4748412698413,9.938933
125,21-Nov-2021 11:58:00,738481.498611111,1960.23,82.9,349.94,18,0.129999999999995,63.0588785046729,33.3261682242991,54612,68.7685185185185,25.0759259259259,25.4344444444444,9.711251
126,21-Nov-2021 12:16:00,738481.511111111,2774.73,2887.7,350.07,15,0.0900000000000318,61.5155555555556,33.6333333333333,54612,68.7344444444444,25.0511111111111,25.4061111111111,9.590607
127,21-Nov-2021 12:31:00,738481.521527778,2777.87,2861.7,350.16,13,0.089999999999975,59.174358974359,34.0628205128205,54612,66.9987179487179,24.9794871794872,25.2823076923077,9.275595
128,21-Nov-2021 12:44:00,738481.530555556,2791.83,2895.2,350.25,16,0.0699999999999932,58.4010416666667,34.1177083333334,54612,67.3385416666667,25.0239583333333,25.3405208333333,9.200451
129,21-Nov-2021 13:00:00,738481.541666667,2928.45,2972.4,350.32,15,0.110000000000014,57.1738636363636,34.4420454545455,54612,68.0443181818182,25.0795454545455,25.4194318181818,9.149073
130,21-Nov-2021 13:15:00,738481.552083333,2899.07,3049.8,350.43,27,0.159999999999968,56.270987654321,34.5611111111111,54612,67.7901234567901,25.0777777777778,25.4104938271605,9.042719
131,21-Nov-2021 13:42:00,738481.570833333,3004.3,3056.5,350.59,13,0.120000000000005,54.1833333333333,34.5474358974359,54612,68.4519480519481,25.0662337662338,25.4158441558442,8.845008
132,21-Nov-2021 13:55:00,738481.579861111,2846.1,2934.0,350.71,5,0.0800000000000409,51.9,34.7,54612,66.9933333333333,25.0466666666667,25.3553333333333,8.468546
133,21-Nov-2021 14:00:00,738481.583333333,2857.97,2880.3,350.79,7,0.0999999999999659,50.9,34.7119047619048,54612,68.647619047619,25.0952380952381,25.452619047619,8.551573
134,21-Nov-2021 14:07:00,738481.588194444,2789.77,2815.7,350.89,8,0.0500000000000114,50.7208333333333,34.7125,54612,67.0270833333333,25.00625,25.3129166666667,8.371998
135,21-Nov-2021 14:15:00,738481.59375,2934.2,2955.8,350.94,11,0.160000000000025,50.9787878787879,34.6075757575758,54612,68.0393939393939,25.0272727272727,25.3616666666667,8.478405
136,21-Nov-2021 14:26:00,738481.601388889,2809.9,2862.0,351.1,10,0.089999999999975,52.5216666666667,34.6,54612,68.6033333333333,25.0733333333333,25.428,8.676624
137,21-Nov-2021 14:36:00,738481.608333333,2961.83,3078.1,351.19,12,0.149999999999977,52.3541666666667,34.7069444444444,54612,68.1347222222222,25.0819444444444,25.4245833333333,8.62514
138,21-Nov-2021 14:48:00,738481.616666667,2831.37,2880.4,351.34,10,0.07000000000005,52.6633333333333,34.7616666666667,54612,68.8166666666667,25.0916666666667,25.453,8.738448
139,21-Nov-2021 14:58:00,738481.623611111,2938.3,3030.3,351.41,12,0.149999999999977,51.6069444444444,34.6902777777778,54612,69.0597222222222,25.0708333333333,25.43625,8.685368
140,21-Nov-2021 15:10:00,738481.631944444,2816.13,2854.4,351.56,22,0.189999999999998,52.5166666666667,34.7416666666667,54612,68.5212121212121,25.0636363636364,25.4144696969697,8.700513
141,21-Nov-2021 15:32:00,738481.647222222,2985.53,3263.2,351.75,11,0.100000000000023,51.6712121212121,34.7136363636364,54612,68.1833333333333,25.0681818181818,25.4109090909091,8.567552
142,21-Nov-2021 15:43:00,738481.654861111,3008.13,3109.7,351.85,9,0.149999999999977,52.3555555555556,34.6259259259259,54612,66.8055555555556,24.9888888888889,25.2872222222222,8.518111
143,21-Nov-2021 15:52:00,738481.661111111,2751.85,2803.4,352.0,13,0.089999999999975,53.3103896103896,34.4454545454545,54612,66.5461538461539,24.8974358974359,25.1796153846154,8.629151
144,21-Nov-2021 16:05:00,738481.670138889,2812.83,2890.4,352.09,11,0.0900000000000318,53.430303030303,34.1772727272727,54612,68.7651515151515,24.9939393939394,25.3442424242424,8.742526
145,21-Nov-2021 16:16:00,738481.677777778,3024.4,3151.1,352.18,19,0.149999999999977,54.3859649122807,34.1271929824562,54612,69.140350877193,25.019298245614,25.3821929824561,8.8652725
146,21-Nov-2021 16:35:00,738481.690972222,2785.8,2836.7,352.33,48,0.330000000000041,57.0621527777778,33.8642361111111,54612,69.3392361111111,24.9670138888889,25.3298958333333,9.178581
147,21-Nov-2021 17:23:00,738481.724305556,2902.8,3057.9,352.66,22,0.119999999999948,61.8174242424242,33.2507575757576,54612,70.1396946564885,24.9740458015267,25.3582442748092,9.7045965
148,21-Nov-2021 17:45:00,738481.739583333,2877.0,2881.5,352.78,19,0.140000000000043,64.4684210526316,32.8535087719298,54612,69.7701754385965,24.9833333333333,25.3583333333333,9.881331
149,21-Nov-2021 18:04:00,738481.752777778,2738.5,2795.2,352.92,18,0.109999999999957,65.6759259259259,32.4601851851852,54612,69.5842592592593,24.9796296296296,25.3493518518519,9.892821
150,21-Nov-2021 18:22:00,738481.765277778,2818.45,2922.6,353.03,16,0.120000000000005,66.6677083333333,32.2229166666667,54612,69.825,24.9802083333333,25.3564583333333,9.954502
151,21-Nov-2021 18:38:00,738481.776388889,2715.13,2815.5,353.15,15,0.0800000000000409,66.7577777777778,32.0811111111111,54612,70.8411111111111,25.03,25.4381111111111,9.989846
152,21-Nov-2021 18:53:00,738481.786805556,2759.43,2907.6,353.23,16,0.0999999999999659,67.634375,31.7572916666667,54612,70.0395833333333,24.9864583333333,25.3692708333333,9.952368
153,24-Nov-2021 11:11:00,738484.465972222,1740.03,83.6,366.94,34,0.0699999999999932,63.1549019607843,28.9642156862745,54612,70.5453201970443,28.0891625615763,30.914433497537,7.7211876
154,24-Nov-2021 11:45:00,738484.489583333,2434.13,2733.2,367.01,23,0.100000000000023,61.5847826086957,29.2760869565217,54612,70.3386861313869,28.1,30.9078832116788,7.6336174
155,24-Nov-2021 12:08:00,738484.505555556,2660.77,2732.7,367.11,21,0.110000000000014,60.1103174603175,29.7174603174603,54612,70.231746031746,28.0968253968254,30.8868253968254,7.5926104
156,24-Nov-2021 12:29:00,738484.520138889,2582.67,2609.4,367.22,7,0.0699999999999932,60.6285714285714,29.8071428571428,54612,70.1642857142857,28.1,30.8830952380952,7.623149
157,24-Nov-2021 12:36:00,738484.525,2569.43,2620.7,367.29,21,0.189999999999998,60.631746031746,29.8801587301587,54612,69.7776,28.0688,30.76952,7.584304
158,24-Nov-2021 12:57:00,738484.539583333,2702.6,2834.3,367.48,14,0.109999999999957,62.3738095238095,29.4142857142857,54612,70.0785714285714,27.9440476190476,30.5691666666667,7.7279453
159,24-Nov-2021 13:11:00,738484.549305556,2726.45,2821.9,367.59,31,0.260000000000048,62.6666666666667,29.5827956989247,54612,69.9672043010753,27.9822580645161,30.6282795698925,7.7330465
160,24-Nov-2021 13:42:00,738484.570833333,2564.27,2584.9,367.85,16,0.109999999999957,61.9729166666667,30.1166666666667,54612,70.009375,27.9958333333333,30.659375,7.7677956
161,24-Nov-2021 13:58:00,738484.581944444,2564.17,2614.0,367.96,17,0.129999999999995,62.4303921568628,29.9254901960784,54612,70.1343137254902,27.9941176470588,30.6736274509804,7.7892265
162,24-Nov-2021 14:15:00,738484.59375,2553.95,2562.2,368.09,16,0.0900000000000318,62.865625,29.8166666666667,54612,70.3333333333334,28.0072916666667,30.725,7.8262577
163,24-Nov-2021 14:31:00,738484.604861111,2693.43,2853.0,368.18,35,0.25,62.7258373205742,29.878947368421,54612,70.3019047619048,28.0985714285714,30.9002380952381,7.779892
164,24-Nov-2021 15:06:00,738484.629166667,2571.15,2575.3,368.43,17,0.0999999999999659,63.1676470588235,29.9421568627451,54612,70.3450980392157,28.1,30.9097058823529,7.8211985
165,24-Nov-2021 15:23:00,738484.640972222,2719.6,2876.1,368.53,18,0.130000000000052,62.5018518518518,30.0435185185185,54612,70.3509259259259,28.1,30.9094444444444,7.7971897
166,24-Nov-2021 15:41:00,738484.653472222,2653.1,2825.1,368.66,18,0.109999999999957,61.9157407407407,30.2361111111111,54612,70.188785046729,28.1,30.884953271028,7.7630606
167,24-Nov-2021 15:59:00,738484.665972222,2815.95,2882.2,368.77,30,0.129999999999995,61.8872222222222,30.0627777777778,54612,63.8811111111111,26.8244444444444,28.1645555555556,7.5968733
168,24-Nov-2021 16:29:00,738484.686805556,2792.8,2823.8,368.9,24,0.140000000000043,62.5402777777778,29.6965277777778,54612,64.6090277777778,26.4020833333333,27.6033333333333,7.8255587
169,24-Nov-2021 16:53:00,738484.703472222,2708.07,2869.5,369.04,40,0.139999999999986,64.0466666666667,29.3520833333333,54612,66.6133333333333,26.2129166666667,27.452375,8.142298
170,24-Nov-2021 17:33:00,738484.73125,2778.6,2870.3,369.18,30,0.120000000000005,64.7833333333333,29.0094444444445,54612,67.1527777777778,26.1116666666667,27.3398333333333,8.2221
171,24-Nov-2021 18:03:00,738484.752083333,2686.05,2788.6,369.3,33,0.149999999999977,66.7535353535354,28.5868686868687,54612,65.1388888888889,25.6282828282828,26.1485858585859,8.371278
