,datetime,avg_power,max_power,avg_energy,minute_diff,energy_diff,energy_start,energy_stop,out_humid,out_temp,out_light,next_humid,next_temp,next_heatindex,predicted_en_per_minute,cal_energy_diff
0,17-Nov-2021 10:02:00,2754.3,2786.3,328.91,17,0.0600000000000023,328.91,328.97,69.7970588235294,30.0627450980392,54612,63.0214285714286,27.125,28.4753571428571,0.010702086,0.18193545658141375
1,17-Nov-2021 10:19:00,2876.1,3061.0,328.97,12,0.0799999999999841,328.97,329.05,67.0652777777778,31.0180555555556,54612,63.1388888888889,26.175,27.1590277777778,0.009109618,0.1093154177069664
2,17-Nov-2021 10:31:00,2832.13,2914.2,329.05,13,0.0999999999999659,329.05,329.15,64.4141025641026,31.5115384615385,54612,65.3307692307692,25.5384615384615,25.8629487179487,0.010857624,0.14114911202341318
3,17-Nov-2021 10:44:00,2751.1,2837.7,329.15,9,0.0600000000000023,329.15,329.21,62.012962962963,31.8722222222222,54612,65.9481481481481,25.3092592592593,25.6177777777778,0.012532464,0.11279217805713415
4,17-Nov-2021 10:53:00,2817.57,2888.5,329.21,14,0.110000000000014,329.21,329.32,60.2869047619048,32.2785714285714,54612,66.1083333333333,25.202380952381,25.5038095238095,0.013792511,0.1930951550602913
5,17-Nov-2021 11:07:00,2786.23,2813.9,329.32,11,0.0799999999999841,329.32,329.4,56.7378787878788,32.7242424242424,54612,65.7287878787879,25.15,25.4368181818182,0.014608803,0.16069683525711298
6,17-Nov-2021 11:18:00,2806.6,2920.2,329.4,11,0.0600000000000023,329.4,329.46,55.25,33.0833333333333,54612,67.2378787878788,25.1636363636364,25.4909090909091,0.016354676,0.17990143969655037
7,17-Nov-2021 11:29:00,2018.7,86.1,329.46,13,0.120000000000005,329.46,329.58,55.0858974358974,33.2833333333333,54612,66.3833333333333,25.1435897435897,25.4471794871795,0.01644505,0.21378565020859241
8,17-Nov-2021 11:42:00,2769.1,2799.1,329.58,13,0.0800000000000409,329.58,329.66,53.8948717948718,33.6448717948718,54612,66.5666666666667,25.0846153846154,25.3864102564103,0.017697819,0.23007164150476456
9,17-Nov-2021 11:55:00,2832.13,2893.1,329.66,23,0.0999999999999659,329.66,329.76,53.7333333333333,33.6811594202899,54612,66.586231884058,25.0775362318841,25.379347826087,0.01781071,0.40964632481336594
10,17-Nov-2021 12:18:00,2864.03,2935.6,329.76,11,0.0500000000000114,329.76,329.81,52.5892307692308,33.7476923076923,54612,67.2712121212121,25.3924242424243,25.7433333333333,0.016852833,0.18538116663694382
11,17-Nov-2021 12:29:00,2020.6,83.2,329.81,14,0.120000000000005,329.81,329.93,52.3928571428571,33.9559523809524,54612,68.010843373494,26.0072289156627,27.2084337349398,0.014993846,0.20991384983062744
12,17-Nov-2021 12:43:00,2866.1,2913.2,329.93,12,0.0999999999999659,329.93,330.03,50.1097222222222,33.9861111111111,54612,68.3402777777778,26.4125,27.8183333333333,0.014123398,0.16948077455163002
13,17-Nov-2021 12:55:00,2813.27,2892.4,330.03,11,0.07000000000005,330.03,330.1,49.9257575757576,33.8166666666667,54612,68.6939393939394,26.6742424242424,28.2340909090909,0.013068857,0.14375742338597775
14,17-Nov-2021 13:06:00,2943.87,3080.4,330.1,12,0.0999999999999659,330.1,330.2,51.0069444444444,33.7236111111111,54612,68.8722222222222,26.9,28.6004166666667,0.012256704,0.1470804512500763
15,17-Nov-2021 13:18:00,2817.7,2854.5,330.2,12,0.0699999999999932,330.2,330.27,50.9472222222222,33.8083333333333,54612,69.0263888888889,27.0805555555556,28.9095833333333,0.011894059,0.14272871240973473
16,17-Nov-2021 13:30:00,2891.2,3033.9,330.27,11,0.0900000000000318,330.27,330.36,50.1106060606061,33.8787878787879,54612,69.1045454545455,27.2272727272727,29.1610606060606,0.011668261,0.1283508725464344
17,17-Nov-2021 13:41:00,2856.23,2882.0,330.36,12,0.120000000000005,330.36,330.48,50.1222222222222,33.9625,54612,69.2291666666667,27.3555555555555,29.3945833333333,0.011638568,0.13966281339526176
18,17-Nov-2021 13:53:00,2613.0,2885.4,330.48,11,0.139999999999986,330.48,330.62,49.1318181818182,34.1757575757576,54612,69.419696969697,27.4590909090909,29.5963636363636,0.011331889,0.12465077731758356
19,17-Nov-2021 14:04:00,2851.47,2914.7,330.62,10,0.110000000000014,330.62,330.73,48.0316666666667,34.1583333333333,54612,69.4383333333333,27.52,29.708,0.011025392,0.11025392450392246
20,17-Nov-2021 14:14:00,2805.83,2833.6,330.73,9,0.0799999999999841,330.73,330.81,47.6074074074074,34.2648148148148,54612,69.4666666666667,27.5888888888889,29.8324074074074,0.010946533,0.09851879440248013
21,17-Nov-2021 14:23:00,3025.9,3081.7,330.81,11,0.180000000000007,330.81,330.99,48.7,34.3257575757576,54612,69.4515151515151,27.6,29.8501515151515,0.011282123,0.12410334963351488
22,17-Nov-2021 14:34:00,2786.77,2838.2,330.99,9,0.0799999999999841,330.99,331.07,48.5703703703704,34.2481481481481,54612,69.3944444444444,27.6092592592593,29.8587037037037,0.011261786,0.10135607700794935
23,17-Nov-2021 14:43:00,2996.9,3122.8,331.07,10,0.120000000000005,331.07,331.19,49.83,34.2266666666667,54612,69.3683333333333,27.68,29.9891666666667,0.011631937,0.11631936766207218
24,17-Nov-2021 14:53:00,3011.5,3171.8,331.19,11,0.149999999999977,331.19,331.34,50.0560606060606,34.3606060606061,54612,69.3560606060606,27.7227272727273,30.065,0.01176604,0.12942643743008375
25,17-Nov-2021 15:04:00,2810.33,2899.1,331.34,10,0.0900000000000318,331.34,331.43,50.2,34.2316666666667,54612,69.315,27.775,30.1555,0.011797161,0.11797160841524601
26,17-Nov-2021 15:14:00,3080.0,3308.6,331.43,11,0.139999999999986,331.43,331.57,50.1878787878788,34.4257575757576,54612,69.3757575757576,27.8015151515152,30.21,0.011776892,0.12954580690711737
27,17-Nov-2021 15:25:00,2864.8,2895.0,331.57,12,0.139999999999986,331.57,331.71,50.4305555555556,34.4388888888889,54612,67.2875,27.7611111111111,29.9276388888889,0.013160304,0.1579236499965191
28,17-Nov-2021 15:37:00,2823.37,2836.2,331.71,11,0.100000000000023,331.71,331.81,50.2106060606061,34.4681818181818,54612,57.2969696969697,26.6151515151515,27.4690909090909,0.010434977,0.11478474456816912
29,17-Nov-2021 15:48:00,2936.15,3067.4,331.81,12,0.120000000000005,331.81,331.93,51.0208333333333,34.2541666666667,54612,57.7736111111111,26.0541666666667,26.7886111111111,0.010595651,0.12714781612157822
30,17-Nov-2021 16:00:00,2904.37,3177.3,331.93,12,0.110000000000014,331.93,332.04,51.5472222222222,33.9541666666667,54612,58.0902777777778,25.6708333333333,25.8102777777778,0.011270054,0.13524064421653748
31,17-Nov-2021 16:12:00,2908.67,3082.7,332.04,12,0.120000000000005,332.04,332.16,52.4788732394366,33.8140845070423,54612,60.9916666666667,25.6027777777778,25.8105555555556,0.012708509,0.15250211209058762
32,17-Nov-2021 16:24:00,2743.3,2762.3,332.16,13,0.109999999999957,332.16,332.27,53.0384615384615,33.6653846153846,54612,60.8467532467532,25.4974025974026,25.6911688311688,0.012734465,0.16554804891347885
33,17-Nov-2021 16:37:00,2770.03,2801.7,332.27,12,0.110000000000014,332.27,332.38,53.2875,33.5861111111111,54612,62.6625,25.3916666666667,25.6227777777778,0.013735541,0.16482649371027946
34,17-Nov-2021 16:49:00,2721.27,2728.0,332.38,15,0.120000000000005,332.38,332.5,54.3266666666667,33.3888888888889,54612,62.9077777777778,25.3288888888889,25.5594444444444,0.013728927,0.20593390334397554
35,17-Nov-2021 17:04:00,2717.2,2769.4,332.5,15,0.100000000000023,332.5,332.6,54.9611111111111,33.2888888888889,54612,62.8488888888889,25.2733333333333,25.4974444444444,0.013716874,0.20575310569256544
36,17-Nov-2021 17:19:00,2751.73,2779.0,332.6,14,0.0999999999999659,332.6,332.7,56.8880952380952,33.0761904761905,54612,64.0154761904762,25.1916666666667,25.437380952381,0.0144004375,0.2016061246395111
37,17-Nov-2021 17:33:00,2722.17,2752.8,332.7,14,0.0900000000000318,332.7,332.79,57.7880952380952,32.8630952380952,54612,63.9678571428571,25.1476190476191,25.3875,0.014055709,0.19677993096411228
38,17-Nov-2021 17:47:00,2843.5,2959.7,332.79,12,0.120000000000005,332.79,332.91,57.1513888888889,32.6652777777778,54612,64.6694444444445,25.1555555555556,25.4151388888889,0.013826702,0.1659204214811325
39,17-Nov-2021 17:59:00,2732.43,2815.7,332.91,14,0.089999999999975,332.91,333.0,58.8619047619048,32.4464285714286,54612,65.1940476190476,25.1345238095238,25.4058333333333,0.013812294,0.19337211921811104
40,17-Nov-2021 18:13:00,2777.25,2830.7,333.0,16,0.110000000000014,333.0,333.11,60.5489583333333,32.0333333333333,54612,65.4125,25.1270833333333,25.4029166666667,0.012995375,0.20792600512504578
41,17-Nov-2021 18:29:00,2750.1,2922.0,333.11,60,0.159999999999968,333.11,333.27,59.8680555555556,31.3944444444444,54612,65.1708333333333,25.07,25.3341944444444,0.011661248,0.6996748968958855
42,17-Nov-2021 19:29:00,1814.7,86.5,333.27,24,0.0699999999999932,333.27,333.34,61.9694444444444,31.0347222222222,54612,65.3069444444445,25.0479166666667,25.3133333333333,0.01096064,0.26305536925792694
43,17-Nov-2021 19:53:00,2761.07,2886.6,333.34,27,0.110000000000014,333.34,333.45,63.8385093167702,30.8751552795031,54612,65.7327160493827,25.0222222222222,25.295987654321,0.010857277,0.2931464686989784
44,17-Nov-2021 20:20:00,2642.2,2677.9,333.45,23,0.0900000000000318,333.45,333.54,65.2123188405797,30.7086956521739,54612,66.5043795620438,25.0094890510949,25.3023357664234,0.010922944,0.25122771598398685
45,17-Nov-2021 20:43:00,2688.7,2874.7,333.54,44,0.129999999999995,333.54,333.67,66.9897338403042,30.5182509505704,54612,66.8435606060606,24.9234848484849,25.2164015151515,0.01083437,0.47671227157115936
46,18-Nov-2021 09:18:00,2686.03,2754.4,334.57,56,0.160000000000025,334.57,334.73,61.6193452380952,31.2342261904762,54612,58.8456456456457,25.7804804804805,26.0915915915916,0.007876181,0.441066138446331
47,18-Nov-2021 10:14:00,2790.03,2853.8,334.73,16,0.0999999999999659,334.73,334.83,59.1736842105263,31.9431578947368,54612,60.8697916666667,25.428125,25.6157291666667,0.009419696,0.15071514248847961
48,18-Nov-2021 10:30:00,2817.3,2884.2,334.83,24,0.110000000000014,334.83,334.94,59.0368055555556,31.98125,54612,63.3291666666667,25.3951388888889,25.6435416666667,0.011210181,0.26904433965682983
49,18-Nov-2021 10:54:00,2758.43,2894.8,334.94,13,0.100000000000023,334.94,335.04,58.6935897435897,32.4974358974359,54612,64.475641025641,25.4423076923077,25.7725641025641,0.012677718,0.16481033340096474
50,18-Nov-2021 11:07:00,2643.85,2674.8,335.04,13,0.0699999999999932,335.04,335.11,57.4051282051282,32.4858974358974,54612,67.401282051282,26.1423076923077,27.3941025641026,0.011582082,0.1505670677870512
51,18-Nov-2021 11:20:00,2814.53,2968.0,335.11,12,0.089999999999975,335.11,335.2,58.1763888888889,32.3569444444445,54612,68.8555555555556,26.6694444444444,28.2413888888889,0.012341216,0.14809459447860718
52,18-Nov-2021 11:32:00,2813.5,2896.1,335.2,14,0.120000000000005,335.2,335.32,56.9095238095238,32.9071428571429,54612,69.322619047619,27.027380952381,28.8453571428571,0.012916416,0.18082982301712036
53,18-Nov-2021 11:46:00,2758.1,2859.2,335.32,13,0.110000000000014,335.32,335.43,55.2871794871795,33.4730769230769,54612,68.9820512820513,27.2217948717949,29.1437179487179,0.012996424,0.16895351186394691
54,18-Nov-2021 11:59:00,2378.3,2710.2,335.43,12,0.089999999999975,335.43,335.52,55.1319444444444,33.6013888888889,54612,68.9458333333333,27.4194444444444,29.4776388888889,0.012979527,0.15575432404875755
55,18-Nov-2021 12:11:00,2743.7,2772.8,335.52,11,0.0900000000000318,335.52,335.61,55.1560606060606,33.4757575757576,54612,68.6545454545455,27.5878787878788,29.7419696969697,0.013161527,0.14477679692208767
56,18-Nov-2021 12:22:00,2734.85,2769.6,335.61,6,0.0600000000000023,335.61,335.67,55.5722222222222,33.1333333333333,54612,68.9055555555555,27.6194444444445,29.8252777777778,0.013076614,0.07845968194305897
57,18-Nov-2021 12:28:00,1988.6,85.5,335.67,6,0.109999999999957,335.67,335.78,56.1,33.1527777777778,54612,69.0583333333333,27.6833333333334,29.9558333333333,0.013071382,0.07842829450964928
58,18-Nov-2021 12:34:00,2760.27,2772.1,335.78,8,0.0600000000000023,335.78,335.84,56.20625,33.4708333333333,54612,69.1604166666667,27.7208333333333,30.0366666666667,0.013145639,0.10516510903835297
59,18-Nov-2021 12:42:00,2831.4,2898.3,335.84,10,0.120000000000005,335.84,335.96,55.98,33.6366666666667,54612,69.1677966101695,27.7932203389831,30.1705084745763,0.013233125,0.1323312520980835
60,18-Nov-2021 12:52:00,2918.4,2945.0,335.96,12,0.210000000000036,335.96,336.17,56.3180555555556,33.5972222222222,54612,69.3708333333333,27.8819444444444,30.3620833333333,0.013550124,0.16260148957371712
61,18-Nov-2021 13:04:00,2749.35,2773.0,336.17,11,0.120000000000005,336.17,336.29,56.7333333333333,33.4727272727273,54612,69.3409090909091,27.9681818181818,30.519696969697,0.013822057,0.15204263012856245
62,18-Nov-2021 13:15:00,2762.0,2788.9,336.29,11,0.0799999999999841,336.29,336.37,57.4060606060606,33.3424242424242,54612,69.4166666666667,28.0060606060606,30.6013636363636,0.014123276,0.1553560346364975
63,18-Nov-2021 13:26:00,2743.0,2768.9,336.37,12,0.120000000000005,336.37,336.49,57.8916666666667,33.1055555555556,54612,69.4638888888889,28.0652777777778,30.7215277777778,0.014143044,0.16971652954816818
64,18-Nov-2021 13:38:00,2777.0,2803.7,336.49,12,0.139999999999986,336.49,336.63,57.9486111111111,33.1638888888889,54612,69.5722222222222,28.1,30.8033333333333,0.014206875,0.17048250138759613
65,18-Nov-2021 13:50:00,2756.03,2784.1,336.63,12,0.110000000000014,336.63,336.74,57.6361111111111,33.2152777777778,54612,69.6305555555556,28.1,30.8116666666667,0.014199133,0.1703895963728428
66,18-Nov-2021 14:02:00,2774.3,2867.6,336.74,13,0.120000000000005,336.74,336.86,58.0051948051948,33.1675324675325,54612,69.7115384615385,28.1038461538462,30.8285897435897,0.0142340325,0.18504242226481438
67,18-Nov-2021 14:15:00,2797.8,2844.3,336.86,13,0.129999999999995,336.86,336.99,56.6564102564103,33.5705128205128,54612,69.8205128205128,28.1679487179487,30.9694871794872,0.014337455,0.18638691399246454
68,18-Nov-2021 14:28:00,2737.43,2772.4,336.99,12,0.129999999999995,336.99,337.12,56.0208333333333,33.5930555555556,54612,69.9055555555556,28.1972222222222,31.0394444444444,0.014220477,0.17064572498202324
69,18-Nov-2021 14:40:00,2777.83,2856.9,337.12,12,0.100000000000023,337.12,337.22,56.0333333333333,33.4861111111111,54612,69.9319444444444,28.2,31.0477777777778,0.0141159445,0.16939133405685425
70,18-Nov-2021 14:52:00,3049.7,3283.9,337.22,13,0.119999999999948,337.22,337.34,57.1974358974359,33.1653846153846,54612,70.0179487179487,28.2307692307692,31.1220512820513,0.013932095,0.18111723382025957
71,18-Nov-2021 15:05:00,2836.77,3055.2,337.34,13,0.130000000000052,337.34,337.47,57.6564102564103,33.0538461538462,54612,70.0833333333333,28.2923076923077,31.2548717948718,0.013799967,0.17939957417547703
72,18-Nov-2021 15:18:00,2970.4,3058.7,337.47,14,0.169999999999959,337.47,337.64,57.7940476190476,32.8761904761905,54612,70.0392857142857,28.3,31.2629761904762,0.013577261,0.19008165411651134
73,18-Nov-2021 15:32:00,2708.87,2711.7,337.64,15,0.100000000000023,337.64,337.74,58.6611111111111,32.5955555555556,54612,66.8166666666667,28.1211111111111,30.5507777777778,0.014620552,0.21930827759206295
74,18-Nov-2021 15:47:00,2796.87,2903.5,337.74,19,0.120000000000005,337.74,337.86,57.9631578947368,32.6684210526316,54612,55.5535087719298,26.5657894736842,27.3314912280702,0.008312319,0.1579340687021613
75,18-Nov-2021 16:06:00,2759.07,2853.0,337.86,15,0.0999999999999659,337.86,337.96,57.8322222222222,32.8322222222222,54612,56.2,25.9755555555555,26.3705555555556,0.008331095,0.12496642302721739
76,18-Nov-2021 16:21:00,2858.73,3027.7,337.96,15,0.120000000000005,337.96,338.08,57.8177777777778,32.8822222222222,54612,57.42,25.7377777777778,25.8663333333333,0.008704474,0.13056711293756962
77,18-Nov-2021 16:36:00,2735.67,2811.5,338.08,14,0.0900000000000318,338.08,338.17,59.1476190476191,32.8130952380952,54612,59.866265060241,25.5518072289157,25.7257831325301,0.009912703,0.13877784460783005
78,18-Nov-2021 16:50:00,2785.13,2882.7,338.17,16,0.129999999999995,338.17,338.3,59.5052083333333,32.5739583333333,54612,61.2958333333333,25.475,25.6782291666667,0.010629147,0.17006635665893555
79,18-Nov-2021 17:06:00,2722.55,2762.5,338.3,16,0.0999999999999659,338.3,338.4,60.2260416666667,32.24375,54612,62.2739583333333,25.3854166666667,25.605625,0.0108666,0.17386560142040253
80,18-Nov-2021 17:22:00,2727.87,2763.0,338.4,24,0.110000000000014,338.4,338.51,60.2541666666667,31.95625,54612,62.79375,25.2777777777778,25.5005555555556,0.010988267,0.2637184113264084
81,19-Nov-2021 08:51:00,2749.2,2776.7,339.7,44,0.180000000000007,339.7,339.88,69.5149606299212,30.465748031496,54612,63.2984848484849,25.3045454545455,25.5432196969697,0.007649579,0.3365814797580242
82,19-Nov-2021 09:35:00,2804.1,2993.1,339.88,13,0.100000000000023,339.88,339.98,67.7782051282051,31.325641025641,54612,64.6128205128205,25.2576923076923,25.5261538461538,0.010740066,0.13962085731327534
83,19-Nov-2021 09:48:00,2674.65,2761.0,339.98,13,0.0699999999999932,339.98,340.05,66.9410256410256,31.5141025641026,54612,64.925641025641,25.2474358974359,25.5228205128205,0.011439954,0.14871940109878778
84,19-Nov-2021 10:01:00,2799.87,2915.0,340.05,11,0.0999999999999659,340.05,340.15,66.4848484848485,31.6287878787879,54612,65.7954545454545,25.1818181818182,25.4736363636364,0.012600424,0.13860466144979
85,19-Nov-2021 10:12:00,2751.43,2881.5,340.15,12,0.0900000000000318,340.15,340.24,65.4041666666667,31.8166666666667,54612,65.6263888888889,25.2,25.4893055555556,0.012797454,0.15356945246458054
86,19-Nov-2021 10:24:00,2799.53,2923.3,340.24,36,0.129999999999995,340.24,340.37,63.9134259259259,32.0046296296296,54612,64.9152777777778,25.1199074074074,25.3821296296296,0.012932102,0.46555567905306816
87,19-Nov-2021 11:00:00,2671.73,2714.6,340.37,23,0.0600000000000023,340.37,340.43,63.1224637681159,32.2876811594203,54612,64.3115942028985,25.0666666666667,25.3080434782609,0.013446505,0.3092696191743016
88,19-Nov-2021 11:23:00,1908.1,87.2,340.43,17,0.120000000000005,340.43,340.55,61.5519607843137,32.3107843137255,54612,65.5088235294118,25.0833333333333,25.3580392156863,0.0142434975,0.24213945772498846
89,19-Nov-2021 11:40:00,2824.75,2895.4,340.55,90,0.159999999999968,340.55,340.71,57.3771799628943,33.391651205937,54612,64.352319109462,24.9293135435993,25.1580333951763,0.017336506,1.5602855756878853
90,19-Nov-2021 13:10:00,2946.6,2965.2,340.71,18,0.100000000000023,340.71,340.81,55.5018518518519,33.6370370370371,54612,64.6657407407407,24.9861111111111,25.2289814814815,0.017566444,0.3161959983408451
91,19-Nov-2021 13:28:00,2801.75,2996.6,340.81,19,0.120000000000005,340.81,340.93,54.6061403508772,33.7412280701754,54612,64.5973684210526,24.9017543859649,25.1341228070175,0.018072259,0.3433729149401188
92,19-Nov-2021 13:47:00,2780.55,2814.6,340.93,29,0.0999999999999659,340.93,341.03,54.2862068965517,33.9201149425287,54612,65.9620689655172,25.0373563218391,25.3187931034483,0.018827792,0.5460059754550457
93,19-Nov-2021 14:16:00,2978.3,3222.9,341.03,34,0.130000000000052,341.03,341.16,53.6083333333333,34.1357843137255,54612,66.5960784313725,25.0088235294118,25.304362745098,0.019874727,0.6757407300174236
94,19-Nov-2021 14:50:00,2844.3,2925.1,341.16,10,0.0399999999999636,341.16,341.2,53.7416666666667,34.165,54612,70.7133333333333,25.3866666666667,25.8625,0.01833434,0.18334340304136276
95,19-Nov-2021 15:00:00,1993.67,82.2,341.2,6,0.0900000000000318,341.2,341.29,54.4638888888889,34.2444444444444,54612,70.6972222222222,25.8277777777778,27.0705555555555,0.016972594,0.10183556377887726
96,19-Nov-2021 15:06:00,2921.45,2988.8,341.29,8,0.120000000000005,341.29,341.41,53.2958333333333,34.5,54612,70.2083333333333,26.0958333333333,27.4422916666667,0.016716363,0.1337309032678604
97,19-Nov-2021 15:14:00,2792.0,2868.9,341.41,9,0.119999999999948,341.41,341.53,52.1462962962963,34.3740740740741,54612,69.8851851851852,26.3944444444444,27.8746296296296,0.015566398,0.14009758550673723
98,19-Nov-2021 15:23:00,2959.57,3306.0,341.53,10,0.110000000000014,341.53,341.64,52.6866666666667,34.125,54612,69.76,26.6,28.1861666666667,0.014530203,0.1453020330518484
99,19-Nov-2021 15:33:00,2883.63,2943.3,341.64,11,0.129999999999995,341.64,341.77,52.8045454545455,34.0939393939394,54612,69.6454545454546,26.7818181818182,28.4675757575758,0.013911932,0.15303124953061342
100,19-Nov-2021 15:44:00,3005.13,3304.1,341.77,11,0.129999999999995,341.77,341.9,52.7227272727273,34.1984848484848,54612,69.5954545454545,26.9363636363636,28.7163636363636,0.013591316,0.14950447157025337
101,19-Nov-2021 15:55:00,2913.1,3165.7,341.9,11,0.120000000000005,341.9,342.02,52.9769230769231,34.2276923076923,54612,69.5106060606061,27.0636363636364,28.9207575757576,0.013267678,0.14594446029514074
102,19-Nov-2021 16:06:00,2875.8,2963.3,342.02,11,0.129999999999995,342.02,342.15,53.1515151515151,34.2772727272727,54612,69.6569230769231,27.1646153846154,29.1055384615385,0.012971625,0.1426878720521927
103,19-Nov-2021 16:17:00,2843.55,2854.8,342.15,11,0.0800000000000409,342.15,342.23,53.430303030303,34.0818181818182,54612,69.8651515151515,27.3272727272727,29.4057575757576,0.012266443,0.1349308742210269
104,19-Nov-2021 16:28:00,2978.75,3008.1,342.23,12,0.129999999999995,342.23,342.36,53.8277777777778,33.95,54612,70.0597222222222,27.4847222222222,29.7091666666667,0.012213583,0.14656299725174904
105,19-Nov-2021 16:40:00,2946.17,3052.0,342.36,12,0.120000000000005,342.36,342.48,55.0277777777778,33.7083333333333,54612,70.4986111111111,27.6,29.9688888888889,0.012851921,0.15422305092215538
106,19-Nov-2021 16:52:00,2847.23,3004.4,342.48,13,0.120000000000005,342.48,342.6,55.9428571428572,33.4792207792208,54612,70.8128205128205,27.6884615384615,30.170641025641,0.01335689,0.17363956477493048
107,19-Nov-2021 17:05:00,3012.25,3157.5,342.6,13,0.139999999999986,342.6,342.74,56.8217948717949,33.2833333333334,54612,70.7397435897436,27.7628205128205,30.3035897435897,0.013759772,0.17887703981250525
108,19-Nov-2021 17:18:00,2821.93,2909.5,342.74,13,0.089999999999975,342.74,342.83,57.4217948717949,33.1346153846154,54612,70.5038461538462,27.7948717948718,30.3370512820513,0.013903751,0.18074876349419355
109,19-Nov-2021 17:31:00,2862.7,3007.8,342.83,14,0.150000000000034,342.83,342.98,57.9142857142857,32.9630952380952,54612,70.4845238095238,27.8583333333333,30.4561904761905,0.014105047,0.1974706593900919
110,19-Nov-2021 17:45:00,2831.33,2946.8,342.98,13,0.120000000000005,342.98,343.1,58.0935897435897,32.8628205128205,54612,70.5525641025641,27.901282051282,30.5467948717949,0.014023603,0.182306838221848
111,19-Nov-2021 17:58:00,2750.2,2783.5,343.1,14,0.120000000000005,343.1,343.22,58.7761904761905,32.7964285714286,54612,70.5130952380952,27.9619047619048,30.6597619047619,0.01401838,0.19625732116401196
112,19-Nov-2021 18:12:00,2829.03,2933.6,343.22,14,0.119999999999948,343.22,343.34,59.1630952380952,32.7321428571429,54612,70.2964285714286,28.0428571428571,30.790119047619,0.013947032,0.19525845348834991
113,19-Nov-2021 18:26:00,2798.8,2995.8,343.34,13,0.110000000000014,343.34,343.45,59.6961538461538,32.6397435897436,54612,70.4025641025641,28.0833333333333,30.885,0.013877887,0.18041253462433815
114,19-Nov-2021 18:39:00,2914.5,3084.4,343.45,15,0.189999999999998,343.45,343.64,59.9211111111111,32.5911111111111,54612,70.5677777777778,28.1344444444445,31.0088888888889,0.013782112,0.20673167891800404
115,19-Nov-2021 18:54:00,2740.25,2769.5,343.64,13,0.0800000000000409,343.64,343.72,60.3602564102564,32.5179487179487,54612,70.6948717948718,28.2230769230769,31.2039743589744,0.01366126,0.17759637720882893
116,19-Nov-2021 19:07:00,2712.87,2720.7,343.72,14,0.109999999999957,343.72,343.83,63.1571428571429,32.4309523809524,54612,70.4,28.2964285714286,31.31,0.0141164595,0.19763043336570263
117,19-Nov-2021 19:21:00,2731.63,2816.5,343.83,14,0.120000000000005,343.83,343.95,64.2583333333333,32.2928571428571,54612,69.4714285714286,28.3166666666667,31.2138095238095,0.014253903,0.19955464452505112
118,19-Nov-2021 19:35:00,2696.8,2703.9,343.95,14,0.100000000000023,343.95,344.05,65.0869047619048,32.2071428571429,54612,69.7619047619048,28.4583333333333,31.5429761904762,0.014122929,0.19772101193666458
119,19-Nov-2021 19:49:00,2871.73,3182.6,344.05,15,0.149999999999977,344.05,344.2,65.8133333333333,32.1211111111111,54612,70.8811111111111,28.4922222222222,31.7906666666667,0.013996023,0.20994034130126238
120,19-Nov-2021 20:04:00,2670.5,2686.3,344.2,14,0.120000000000005,344.2,344.32,66.5547619047619,32.0261904761905,54612,71.2060240963856,28.4132530120482,31.674578313253,0.014081742,0.1971443835645914
121,19-Nov-2021 20:18:00,2675.97,2685.3,344.32,13,0.0900000000000318,344.32,344.41,67.3538461538461,31.8717948717949,54612,71.2794871794872,28.3961538461538,31.6517948717949,0.014047169,0.18261319864541292
122,19-Nov-2021 20:31:00,2836.8,2962.4,344.41,13,0.149999999999977,344.41,344.56,67.8923076923077,31.8371794871795,54612,71.3179487179487,28.4,31.6661538461538,0.0140688345,0.18289484828710556
123,19-Nov-2021 20:44:00,2678.8,2709.8,344.56,13,0.129999999999995,344.56,344.69,68.3012987012987,31.7727272727273,54612,71.175641025641,28.4038461538461,31.6492307692308,0.0140543105,0.1827060366049409
124,19-Nov-2021 20:57:00,2658.1,2672.0,344.69,12,0.089999999999975,344.69,344.78,67.6513888888889,31.7083333333333,54612,71.2458333333334,28.425,31.7061111111111,0.013849673,0.1661960743367672
125,19-Nov-2021 21:09:00,2954.6,3173.1,344.78,11,0.0900000000000318,344.78,344.87,67.6106060606061,31.6909090909091,54612,71.4378787878788,28.4621212121212,31.8159090909091,0.013744739,0.1511921277269721
126,20-Nov-2021 10:25:00,2633.27,2776.5,345.95,71,0.180000000000007,345.95,346.13,65.3700507614213,31.4733502538071,54612,68.1477088948787,25.2045822102426,25.7422911051213,0.013411956,0.9522488694638014
127,20-Nov-2021 11:36:00,2827.23,2907.8,346.13,18,0.100000000000023,346.13,346.23,61.25,32.0342592592593,54612,69.7259259259259,26.4685185185185,27.9793518518519,0.012197382,0.21955287270247936
128,20-Nov-2021 11:54:00,2842.93,3006.4,346.23,16,0.109999999999957,346.23,346.34,60.590625,32.4302083333333,54612,69.5572916666667,26.790625,28.47625,0.013114877,0.20983803272247314
129,20-Nov-2021 12:10:00,2815.75,2888.2,346.34,14,0.07000000000005,346.34,346.41,58.572619047619,32.8702380952381,54612,69.7904761904762,27.0202380952381,28.8740476190476,0.012993491,0.1819088775664568
130,20-Nov-2021 12:24:00,2933.1,3012.2,346.41,9,0.139999999999986,346.41,346.55,57.6277777777778,33.2166666666667,54612,70.7388888888889,27.1666666666667,29.2077777777778,0.01261243,0.11351187340915203
131,20-Nov-2021 12:33:00,2699.67,2731.4,346.55,9,0.139999999999986,346.55,346.69,57.3351851851852,33.5055555555556,54612,71.0888888888889,27.3166666666667,29.5088888888889,0.013349434,0.120144909247756
132,20-Nov-2021 12:42:00,2734.5,2752.1,346.69,9,0.129999999999995,346.69,346.82,55.5777777777778,33.9722222222222,54612,71.587037037037,27.4962962962963,29.8972222222222,0.013649891,0.12284902017563581
133,20-Nov-2021 12:51:00,2783.23,2824.1,346.82,11,0.139999999999986,346.82,346.96,55.0287878787879,34.180303030303,54612,71.88,27.6907692307692,30.3038461538462,0.0140839415,0.15492335613816977
134,20-Nov-2021 13:02:00,2777.63,2828.0,346.96,12,0.0699999999999932,346.96,347.03,53.2541666666667,34.2430555555556,54612,63.6527777777778,26.8458333333333,28.2620833333333,0.011965984,0.14359180256724358
135,20-Nov-2021 13:14:00,2866.7,2928.1,347.03,13,0.160000000000025,347.03,347.19,54.5884615384615,33.8807692307692,54612,59.8602564102564,25.65,25.880641025641,0.01204101,0.1565331295132637
136,20-Nov-2021 13:27:00,2703.13,2721.2,347.19,12,0.100000000000023,347.19,347.29,56.4611111111111,33.7388888888889,54612,56.6625,25.1111111111111,25.1568055555556,0.011100645,0.1332077421247959
137,20-Nov-2021 13:39:00,2741.73,2772.4,347.29,13,0.109999999999957,347.29,347.4,56.0935897435897,33.8307692307692,54612,56.8589743589744,25.0076923076923,25.0475641025641,0.011876358,0.1543926503509283
138,20-Nov-2021 13:52:00,2826.4,2915.8,347.4,11,0.100000000000023,347.4,347.5,54.9106060606061,34.1712121212121,54612,59.5878787878788,24.769696969697,24.8572727272727,0.016057292,0.17663021199405193
139,20-Nov-2021 14:03:00,2859.93,2995.0,347.5,15,0.0799999999999841,347.5,347.58,54.4977777777778,34.2288888888889,54612,60.6933333333333,24.9255555555556,25.0577777777778,0.016499506,0.2474925946444273
140,20-Nov-2021 14:18:00,937.03,86.1,347.58,229,0.370000000000005,347.58,347.95,68.5463947560087,31.17902403496,54612,64.0611798980335,24.6401310997815,24.8322505462491,0.012048397,2.7590829618275166
141,20-Nov-2021 18:07:00,2693.1,2770.0,347.95,162,0.270000000000039,347.95,348.22,79.4219361483007,29.3649845520083,54612,69.5647785787848,24.8602471678682,25.217929969104,0.011040431,1.7885498944669962
142,21-Nov-2021 09:55:00,2563.37,2651.1,349.49,67,0.189999999999998,349.49,349.68,70.5918635170604,31.8994750656168,54612,66.8708994708995,25.008201058201,25.310582010582,0.01631278,1.0929562505334616
143,21-Nov-2021 11:02:00,2745.97,2824.2,349.68,17,0.0999999999999659,349.68,349.78,66.5911764705882,32.8441176470588,54612,67.2264705882353,25.1274509803922,25.4511764705882,0.01893103,0.32182749919593334
144,21-Nov-2021 11:19:00,2667.9,2688.9,349.78,18,0.0900000000000318,349.78,349.87,64.0935185185185,33.3287037037037,54612,67.6731481481482,25.0907407407408,25.4224074074074,0.020613868,0.3710496202111244
145,21-Nov-2021 11:37:00,2771.8,2867.5,349.87,21,0.0699999999999932,349.87,349.94,65.2404761904762,33.2515873015873,54612,69.0309523809524,25.1063492063492,25.4748412698413,0.021172479,0.44462205469608307
146,21-Nov-2021 11:58:00,1960.23,82.9,349.94,18,0.129999999999995,349.94,350.07,63.0588785046729,33.3261682242991,54612,68.7685185185185,25.0759259259259,25.4344444444444,0.020851735,0.37533123046159744
147,21-Nov-2021 12:16:00,2774.73,2887.7,350.07,15,0.0900000000000318,350.07,350.16,61.5155555555556,33.6333333333333,54612,68.7344444444444,25.0511111111111,25.4061111111111,0.021475274,0.32212911173701286
148,21-Nov-2021 12:31:00,2777.87,2861.7,350.16,13,0.089999999999975,350.16,350.25,59.174358974359,34.0628205128205,54612,66.9987179487179,24.9794871794872,25.2823076923077,0.021831423,0.28380849957466125
149,21-Nov-2021 12:44:00,2791.83,2895.2,350.25,16,0.0699999999999932,350.25,350.32,58.4010416666667,34.1177083333334,54612,67.3385416666667,25.0239583333333,25.3405208333333,0.021666287,0.3466605842113495
150,21-Nov-2021 13:00:00,2928.45,2972.4,350.32,15,0.110000000000014,350.32,350.43,57.1738636363636,34.4420454545455,54612,68.0443181818182,25.0795454545455,25.4194318181818,0.022274096,0.33411143347620964
151,21-Nov-2021 13:15:00,2899.07,3049.8,350.43,14,0.110000000000014,350.43,350.54,56.0047619047619,34.6,54612,68.2440476190476,25.0833333333333,25.4285714285714,0.022447705,0.3142678737640381
152,21-Nov-2021 13:29:00,1912.6,86.5,350.54,13,0.0499999999999545,350.54,350.59,56.5576923076923,34.5192307692308,54612,67.3012820512821,25.0717948717949,25.3910256410256,0.022083022,0.287079282104969
153,21-Nov-2021 13:42:00,3004.3,3056.5,350.59,13,0.120000000000005,350.59,350.71,54.1833333333333,34.5474358974359,54612,68.4519480519481,25.0662337662338,25.4158441558442,0.021631796,0.28121334686875343
154,21-Nov-2021 13:55:00,2846.1,2934.0,350.71,5,0.0800000000000409,350.71,350.79,51.9,34.7,54612,66.9933333333333,25.0466666666667,25.3553333333333,0.021171298,0.10585648939013481
155,21-Nov-2021 14:00:00,2857.97,2880.3,350.79,7,0.0999999999999659,350.79,350.89,50.9,34.7119047619048,54612,68.647619047619,25.0952380952381,25.452619047619,0.020600034,0.14420023746788502
156,21-Nov-2021 14:07:00,2789.77,2815.7,350.89,8,0.0500000000000114,350.89,350.94,50.7208333333333,34.7125,54612,67.0270833333333,25.00625,25.3129166666667,0.020964557,0.16771645843982697
157,21-Nov-2021 14:15:00,2934.2,2955.8,350.94,11,0.160000000000025,350.94,351.1,50.9787878787879,34.6075757575758,54612,68.0393939393939,25.0272727272727,25.3616666666667,0.020672448,0.22739692777395248
158,21-Nov-2021 14:26:00,2809.9,2862.0,351.1,10,0.089999999999975,351.1,351.19,52.5216666666667,34.6,54612,68.6033333333333,25.0733333333333,25.428,0.021060178,0.2106017805635929
159,21-Nov-2021 14:36:00,2961.83,3078.1,351.19,12,0.149999999999977,351.19,351.34,52.3541666666667,34.7069444444444,54612,68.1347222222222,25.0819444444444,25.4245833333333,0.021251693,0.2550203204154968
160,21-Nov-2021 14:48:00,2831.37,2880.4,351.34,10,0.07000000000005,351.34,351.41,52.6633333333333,34.7616666666667,54612,68.8166666666667,25.0916666666667,25.453,0.021554025,0.21554024890065193
161,21-Nov-2021 14:58:00,2938.3,3030.3,351.41,12,0.149999999999977,351.41,351.56,51.6069444444444,34.6902777777778,54612,69.0597222222222,25.0708333333333,25.43625,0.021015784,0.25218940526247025
162,21-Nov-2021 15:10:00,2816.13,2854.4,351.56,11,0.100000000000023,351.56,351.66,52.4727272727273,34.7136363636364,54612,68.7878787878788,25.0727272727273,25.4316666666667,0.021431226,0.23574348911643028
163,21-Nov-2021 15:21:00,2867.87,2935.4,351.66,11,0.089999999999975,351.66,351.75,52.5606060606061,34.769696969697,54612,68.2545454545455,25.0545454545455,25.3972727272727,0.021728234,0.23901057802140713
164,21-Nov-2021 15:32:00,2985.53,3263.2,351.75,11,0.100000000000023,351.75,351.85,51.6712121212121,34.7136363636364,54612,68.1833333333333,25.0681818181818,25.4109090909091,0.021071598,0.2317875772714615
165,21-Nov-2021 15:43:00,3008.13,3109.7,351.85,9,0.149999999999977,351.85,352.0,52.3555555555556,34.6259259259259,54612,66.8055555555556,24.9888888888889,25.2872222222222,0.021346431,0.19211788102984428
166,21-Nov-2021 15:52:00,2751.85,2803.4,352.0,13,0.089999999999975,352.0,352.09,53.3103896103896,34.4454545454545,54612,66.5461538461539,24.8974358974359,25.1796153846154,0.021496493,0.27945441380143166
167,21-Nov-2021 16:05:00,2812.83,2890.4,352.09,11,0.0900000000000318,352.09,352.18,53.430303030303,34.1772727272727,54612,68.7651515151515,24.9939393939394,25.3442424242424,0.020568138,0.22624951787292957
168,21-Nov-2021 16:16:00,3024.4,3151.1,352.18,19,0.149999999999977,352.18,352.33,54.3859649122807,34.1271929824562,54612,69.140350877193,25.019298245614,25.3821929824561,0.020680644,0.39293222874403
169,21-Nov-2021 16:35:00,2785.8,2836.7,352.33,11,0.0800000000000409,352.33,352.41,55.3363636363636,34.0166666666667,54612,69.8757575757576,25.0287878787879,25.4124242424242,0.020718476,0.2279032338410616
170,21-Nov-2021 16:46:00,2800.7,3007.5,352.41,3,0.149999999999977,352.41,352.56,54.9944444444444,34.0,54612,68.25,25.0611111111111,25.405,0.020179851,0.06053955294191837
171,21-Nov-2021 16:49:00,2919.7,2931.2,352.56,34,0.100000000000023,352.56,352.66,57.8029411764706,33.8029411764706,54612,69.2617647058824,24.9387254901961,25.296568627451,0.021468932,0.7299436815083027
172,21-Nov-2021 17:23:00,2902.8,3057.9,352.66,22,0.119999999999948,352.66,352.78,61.8174242424242,33.2507575757576,54612,70.1396946564885,24.9740458015267,25.3582442748092,0.021002108,0.46204638108611107
173,21-Nov-2021 17:45:00,2877.0,2881.5,352.78,19,0.140000000000043,352.78,352.92,64.4684210526316,32.8535087719298,54612,69.7701754385965,24.9833333333333,25.3583333333333,0.020555692,0.39055814407765865
174,21-Nov-2021 18:04:00,2738.5,2795.2,352.92,18,0.109999999999957,352.92,353.03,65.6759259259259,32.4601851851852,54612,69.5842592592593,24.9796296296296,25.3493518518519,0.019497018,0.3509463295340538
175,21-Nov-2021 18:22:00,2818.45,2922.6,353.03,16,0.120000000000005,353.03,353.15,66.6677083333333,32.2229166666667,54612,69.825,24.9802083333333,25.3564583333333,0.018686313,0.2989810109138489
176,21-Nov-2021 18:38:00,2715.13,2815.5,353.15,15,0.0800000000000409,353.15,353.23,66.7577777777778,32.0811111111111,54612,70.8411111111111,25.03,25.4381111111111,0.017024066,0.25536099448800087
177,21-Nov-2021 18:53:00,2759.43,2907.6,353.23,16,0.0999999999999659,353.23,353.33,67.634375,31.7572916666667,54612,70.0395833333333,24.9864583333333,25.3692708333333,0.016826076,0.26921722292900085
178,21-Nov-2021 19:09:00,2771.7,2869.8,353.33,153,0.360000000000014,353.33,353.69,70.270925684485,31.039113428944,54612,68.6703896103896,24.9131168831169,25.2527272727273,0.014820147,2.2674825377762318
179,24-Nov-2021 08:43:00,2503.9,2570.0,366.67,148,0.269999999999982,366.67,366.94,68.824099378882,27.4739130434783,54612,71.3975520195837,27.8186046511628,30.491199510404,0.0059887073,0.8863286804407835
180,24-Nov-2021 11:11:00,1740.03,83.6,366.94,34,0.0699999999999932,366.94,367.01,63.1549019607843,28.9642156862745,54612,70.5453201970443,28.0891625615763,30.914433497537,0.006594278,0.22420544922351837
181,24-Nov-2021 11:45:00,2434.13,2733.2,367.01,23,0.100000000000023,367.01,367.11,61.5847826086957,29.2760869565217,54612,70.3386861313869,28.1,30.9078832116788,0.0069494518,0.15983739029616117
182,24-Nov-2021 12:08:00,2660.77,2732.7,367.11,21,0.110000000000014,367.11,367.22,60.1103174603175,29.7174603174603,54612,70.231746031746,28.0968253968254,30.8868253968254,0.0076312646,0.16025655716657639
183,24-Nov-2021 12:29:00,2582.67,2609.4,367.22,7,0.0699999999999932,367.22,367.29,60.6285714285714,29.8071428571428,54612,70.1642857142857,28.1,30.8830952380952,0.007999885,0.05599919427186251
184,24-Nov-2021 12:36:00,2569.43,2620.7,367.29,10,0.139999999999986,367.29,367.43,60.3033333333333,29.9633333333333,54612,69.9389830508475,28.0932203389831,30.8377966101695,0.008336455,0.08336454629898071
185,24-Nov-2021 12:46:00,2597.85,2605.7,367.43,11,0.0500000000000114,367.43,367.48,60.930303030303,29.8045454545455,54612,69.6333333333333,28.0469696969697,30.7084848484849,0.008383536,0.09221889358013868
186,24-Nov-2021 12:57:00,2702.6,2834.3,367.48,14,0.109999999999957,367.48,367.59,62.3738095238095,29.4142857142857,54612,70.0785714285714,27.9440476190476,30.5691666666667,0.007893515,0.11050920747220516
187,24-Nov-2021 13:11:00,2726.45,2821.9,367.59,16,0.130000000000052,367.59,367.72,62.50625,29.571875,54612,70.0166666666667,27.96875,30.6083333333333,0.008254175,0.13206680119037628
188,24-Nov-2021 13:27:00,2591.7,2762.7,367.72,15,0.129999999999995,367.72,367.85,62.8377777777778,29.5944444444444,54612,69.9144444444444,27.9966666666667,30.6495555555555,0.00839343,0.12590145226567984
189,24-Nov-2021 13:42:00,2564.27,2584.9,367.85,16,0.109999999999957,367.85,367.96,61.9729166666667,30.1166666666667,54612,70.009375,27.9958333333333,30.659375,0.009285273,0.14856436848640442
190,24-Nov-2021 13:58:00,2564.17,2614.0,367.96,17,0.129999999999995,367.96,368.09,62.4303921568628,29.9254901960784,54612,70.1343137254902,27.9941176470588,30.6736274509804,0.008989063,0.1528140725567937
191,24-Nov-2021 14:15:00,2553.95,2562.2,368.09,16,0.0900000000000318,368.09,368.18,62.865625,29.8166666666667,54612,70.3333333333334,28.0072916666667,30.725,0.008858967,0.141743466258049
192,24-Nov-2021 14:31:00,2693.43,2853.0,368.18,17,0.120000000000005,368.18,368.3,62.7303921568628,29.8519607843137,54612,70.2990196078431,28.0980392156863,30.8985294117647,0.008827609,0.15006935317069292
193,24-Nov-2021 14:48:00,2661.7,2783.2,368.3,18,0.129999999999995,368.3,368.43,62.7214953271028,29.9046728971963,54612,70.3046296296296,28.0990740740741,30.9018518518518,0.008950767,0.1611138079315424
194,24-Nov-2021 15:06:00,2571.15,2575.3,368.43,17,0.0999999999999659,368.43,368.53,63.1676470588235,29.9421568627451,54612,70.3450980392157,28.1,30.9097058823529,0.009187865,0.15619370620697737
195,24-Nov-2021 15:23:00,2719.6,2876.1,368.53,18,0.130000000000052,368.53,368.66,62.5018518518518,30.0435185185185,54612,70.3509259259259,28.1,30.9094444444444,0.009191927,0.1654546782374382
196,24-Nov-2021 15:41:00,2653.1,2825.1,368.66,18,0.109999999999957,368.66,368.77,61.9157407407407,30.2361111111111,54612,70.188785046729,28.1,30.884953271028,0.00945113,0.17012034729123116
197,24-Nov-2021 15:59:00,2815.95,2882.2,368.77,30,0.129999999999995,368.77,368.9,61.8872222222222,30.0627777777778,54612,63.8811111111111,26.8244444444444,28.1645555555556,0.01077215,0.3231645002961159
198,24-Nov-2021 16:29:00,2792.8,2823.8,368.9,24,0.140000000000043,368.9,369.04,62.5402777777778,29.6965277777778,54612,64.6090277777778,26.4020833333333,27.6033333333333,0.009408031,0.22579273581504822
199,24-Nov-2021 16:53:00,2708.07,2869.5,369.04,40,0.139999999999986,369.04,369.18,64.0466666666667,29.3520833333333,54612,66.6133333333333,26.2129166666667,27.452375,0.009469189,0.37876754999160767
200,24-Nov-2021 17:33:00,2778.6,2870.3,369.18,30,0.120000000000005,369.18,369.3,64.7833333333333,29.0094444444445,54612,67.1527777777778,26.1116666666667,27.3398333333333,0.009544295,0.2863288577646017
201,24-Nov-2021 18:03:00,2686.05,2788.6,369.3,33,0.149999999999977,369.3,369.45,66.7535353535354,28.5868686868687,54612,65.1388888888889,25.6282828282828,26.1485858585859,0.0083620995,0.27594928443431854
202,25-Nov-2021 09:20:00,2613.75,2644.5,370.24,187,0.279999999999973,370.24,370.52,55.0684516880093,30.0966239813737,54612,69.4137891077636,24.8455388180765,25.1986095017381,0.009169144,1.714629857800901
203,25-Nov-2021 12:27:00,2004.9,82.9,370.52,27,0.140000000000043,370.52,370.66,50.5246913580247,31.7166666666667,54612,67.9,26.0469135802469,27.2720987654321,0.009655475,0.2606978164985776
204,25-Nov-2021 12:54:00,2795.53,2919.2,370.66,22,0.089999999999975,370.66,370.75,49.469696969697,32.1022727272727,54612,67.0871212121212,26.5007575757576,27.8759090909091,0.010290981,0.2264015879482031
205,25-Nov-2021 13:16:00,2860.53,2998.3,370.75,25,0.100000000000023,370.75,370.85,49.5566666666667,32.2353333333333,54612,66.9543624161074,26.8389261744966,28.3641610738255,0.011138264,0.27845660224556923
206,25-Nov-2021 13:41:00,2932.75,2996.8,370.85,21,0.109999999999957,370.85,370.96,49.2928571428571,32.7444444444444,54612,66.9238095238096,27.0539682539683,28.6887301587302,0.011974398,0.2514623589813709
207,25-Nov-2021 14:02:00,2846.83,3106.3,370.96,18,0.110000000000014,370.96,371.07,48.9462962962963,32.9453703703704,54612,66.8925925925926,27.1194444444445,28.7903703703704,0.012117979,0.21812362410128117
208,25-Nov-2021 14:20:00,2710.13,2756.6,371.07,18,0.110000000000014,371.07,371.18,48.8388888888889,33.1796296296296,54612,66.975,27.2212962962963,28.9614814814815,0.0123187825,0.2217380851507187
209,25-Nov-2021 14:38:00,2696.05,2721.5,371.18,9,0.110000000000014,371.18,371.29,48.3814814814815,33.2148148148148,54612,66.9925925925926,27.2944444444445,29.08,0.012235431,0.11011887900531292
210,25-Nov-2021 14:47:00,2721.5,2735.1,371.29,11,0.109999999999957,371.29,371.4,48.2272727272727,33.2166666666667,54612,66.9727272727273,27.3030303030303,29.0921212121212,0.012205171,0.13425688538700342
211,25-Nov-2021 14:58:00,2663.9,2693.5,371.4,12,0.110000000000014,371.4,371.51,48.8236111111111,32.9513888888889,54612,66.9361111111111,27.3263888888889,29.1258333333333,0.012146995,0.14576394483447075
212,25-Nov-2021 15:10:00,2696.33,2762.6,371.51,12,0.0900000000000318,371.51,371.6,49.6,32.6208333333333,54612,66.9138888888889,27.3847222222222,29.2169444444445,0.0120833665,0.1450003981590271
213,25-Nov-2021 15:22:00,2838.8,3129.4,371.6,13,0.109999999999957,371.6,371.71,50.3807692307692,32.35,54612,66.8948717948718,27.4128205128205,29.26,0.012067633,0.15687922574579716
214,25-Nov-2021 15:35:00,2799.13,2925.9,371.71,14,0.120000000000005,371.71,371.83,50.9219512195122,32.0512195121951,54612,66.9583333333333,27.4880952380952,29.3867857142857,0.01192315,0.16692410223186016
215,25-Nov-2021 15:49:00,2681.13,2751.8,371.83,14,0.100000000000023,371.83,371.93,51.4083333333333,31.9011904761905,54612,66.7285714285714,27.5404761904762,29.4519047619048,0.012076447,0.16907025501132011
216,26-Nov-2021 07:46:00,2610.0,2706.5,372.85,192,0.299999999999955,372.85,373.15,60.3785498489426,29.0208459214501,54612,66.6613981762918,24.9595744680851,25.2511550151976,0.008497221,1.6314665079116821
217,26-Nov-2021 10:58:00,1920.9,85.5,373.15,45,0.150000000000034,373.15,373.3,56.4159851301115,30.4066914498141,54612,67.2259259259259,25.1203703703704,25.4431111111111,0.010135721,0.4561074636876583
218,26-Nov-2021 11:43:00,2799.8,3010.5,373.3,29,0.120000000000005,373.3,373.42,53.5724137931034,30.8580459770115,54612,67.7580459770115,25.1063218390805,25.4413793103448,0.010970384,0.3181411325931549
219,26-Nov-2021 12:12:00,2690.03,2767.8,373.42,72,0.149999999999977,373.42,373.57,51.2575406032483,31.5183294663573,54612,67.4272727272727,25.0522144522144,25.3736596736597,0.012100162,0.8712116628885269
220,26-Nov-2021 13:24:00,2795.65,2894.8,373.57,23,0.0900000000000318,373.57,373.66,51.2876811594203,31.5891304347826,54612,67.3231884057971,25.0492753623188,25.3676086956522,0.012216776,0.28098584059625864
221,26-Nov-2021 13:47:00,2892.35,2988.8,373.66,27,0.109999999999957,373.66,373.77,51.0728395061728,31.5216049382716,54612,68.0358024691358,25.0722222222222,25.4112962962963,0.012226513,0.3301158417016268
222,26-Nov-2021 14:14:00,2738.67,2880.2,373.77,21,0.110000000000014,373.77,373.88,51.7555555555556,31.5920634920635,54612,68.0746031746032,25.0603174603175,25.3992857142857,0.012470813,0.2618870632722974
223,26-Nov-2021 14:35:00,2633.55,2642.1,373.88,20,0.0699999999999932,373.88,373.95,52.3394957983193,31.572268907563,54612,69.0958333333333,25.0591666666667,25.4248333333333,0.013051055,0.26102110743522644
224,26-Nov-2021 14:55:00,2691.9,2811.3,373.95,19,0.0600000000000023,373.95,374.01,52.3622807017544,31.5578947368421,54612,69.0921052631579,25.0508771929825,25.415350877193,0.013017747,0.2473371857777238
225,26-Nov-2021 15:14:00,1918.43,81.7,374.01,24,0.139999999999986,374.01,374.15,52.3819444444444,31.3895833333333,54612,70.3979166666667,25.0590277777778,25.4588194444444,0.012191214,0.29258912801742554
226,26-Nov-2021 15:38:00,2641.75,2658.6,374.15,18,0.07000000000005,374.15,374.22,51.5361111111111,31.3796296296296,54612,70.0324074074074,25.0796296296296,25.4715740740741,0.0121162785,0.2180930133908987
227,26-Nov-2021 15:56:00,2782.13,2916.0,374.22,21,0.109999999999957,374.22,374.33,51.7357142857143,31.2134920634921,54612,69.508,25.0528,25.42824,0.011716255,0.2460413547232747
228,26-Nov-2021 16:17:00,2683.97,2743.5,374.33,30,0.120000000000005,374.33,374.45,52.3077777777778,30.985,54612,68.9794444444445,25.0033333333333,25.3598333333333,0.01136157,0.3408471029251814
229,26-Nov-2021 16:47:00,2183.3,2629.5,374.45,19,0.0600000000000023,374.45,374.51,53.5614035087719,30.5315789473684,54612,69.1008771929825,24.9982456140351,25.3572807017544,0.010308026,0.19585250038653612
230,26-Nov-2021 17:06:00,2727.33,2865.4,374.51,30,0.110000000000014,374.51,374.62,54.2872222222222,30.1638888888889,54612,68.8005586592179,25.0083798882682,25.360782122905,0.009630876,0.28892626985907555
231,26-Nov-2021 17:36:00,2722.77,2877.7,374.62,178,0.29000000000002,374.62,374.91,58.6873477038425,28.8851921274602,54612,67.7196813495783,24.9613870665417,25.2810871602624,0.0084553305,1.505048830062151
232,26-Nov-2021 20:34:00,1853.83,80.8,374.91,45,0.129999999999995,374.91,375.04,61.1307407407407,27.9885185185185,54612,69.0466666666667,25.0340740740741,25.3956666666667,0.008704338,0.39169522002339363
233,26-Nov-2021 21:19:00,2622.73,2668.3,375.04,41,0.129999999999995,375.04,375.17,61.9032520325203,27.6991869918699,54612,69.2130081300813,25.0223577235772,25.3872357723577,0.009154255,0.3753244373947382
234,26-Nov-2021 22:00:00,1693.93,84.9,375.17,72,0.120000000000005,375.17,375.29,64.6638051044084,27.2719257540603,54612,68.8710648148148,25.0340277777778,25.3909027777778,0.010159411,0.7314775586128235
235,26-Nov-2021 23:12:00,2475.45,2695.4,375.29,27,0.0999999999999659,375.29,375.39,66.3512345679012,26.9796296296296,54612,69.1234567901234,25.7456790123457,26.6603703703704,0.010156223,0.27421801071614027
236,26-Nov-2021 23:39:00,2564.33,2705.4,375.39,30,0.110000000000014,375.39,375.5,67.5422222222222,26.7911111111111,54612,68.8245810055866,26.1603351955307,27.4777653631285,0.0105745485,0.3172364551573992
237,27-Nov-2021 09:36:00,2617.5,2687.4,375.91,260,0.419999999999959,375.91,376.33,54.298,29.110275862069,54612,67.2807295251204,24.9586373021334,25.2665726083964,0.0077106874,2.0047787111252546
238,27-Nov-2021 13:56:00,2709.93,2801.4,376.33,37,0.129999999999995,376.33,376.46,48.6294117647059,30.5678733031674,54612,70.140990990991,24.8117117117117,25.1794594594595,0.009946831,0.368032731115818
239,27-Nov-2021 14:33:00,2650.7,2762.9,376.46,55,0.150000000000034,376.46,376.61,48.6309090909091,30.9503030303031,54612,70.0300911854103,24.831914893617,25.1989665653495,0.0108757075,0.5981639120727777
240,28-Nov-2021 10:03:00,2600.77,2706.7,377.74,21,0.110000000000014,377.74,377.85,58.0169014084507,26.8901408450704,54612,66.2958904109589,26.9013698630137,28.407397260274,0.008933045,0.1875939443707466
241,28-Nov-2021 10:24:00,2604.9,2648.2,377.85,26,0.0999999999999659,377.85,377.95,56.5230769230769,27.4724358974359,54612,61.9846153846154,26.8916666666667,28.1528205128205,0.00814809,0.21185033954679966
242,28-Nov-2021 10:50:00,2521.45,2533.2,377.95,292,0.420000000000016,377.95,378.37,48.7787549971445,29.9636778983438,54612,63.9967447173044,25.2052541404913,25.4628383780697,0.0074326536,2.170334842056036
243,30-Nov-2021 08:13:00,2512.33,2606.4,383.98,215,0.339999999999975,383.98,384.32,47.8835098335855,29.8473524962179,54612,65.0173252279635,25.5311550151976,26.1408510638298,0.0073202644,1.5738568361848593
244,30-Nov-2021 11:48:00,2667.3,2755.5,384.32,35,0.129999999999995,384.32,384.45,51.1280952380952,30.4728571428572,54612,63.5214285714286,26.7585714285714,28.0118095238095,0.009497899,0.3324264520779252
245,30-Nov-2021 12:23:00,2557.4,2592.2,384.45,28,0.0900000000000318,384.45,384.54,52.1982142857143,30.3422619047619,54612,63.7136904761905,27.010119047619,28.3679761904762,0.01012784,0.2835795097053051
246,30-Nov-2021 12:51:00,2641.17,2772.3,384.54,27,0.0799999999999841,384.54,384.62,51.4745341614907,30.5012422360248,54612,63.876397515528,27.1124223602485,28.5263354037267,0.010383468,0.2803536392748356
247,30-Nov-2021 13:18:00,2740.57,2803.8,384.62,26,0.0799999999999841,384.62,384.7,49.6705128205128,30.6282051282051,54612,63.9608974358974,27.2141025641026,28.6853846153846,0.010455952,0.27185475267469883
248,30-Nov-2021 13:44:00,1840.9,81.0,384.7,28,0.139999999999986,384.7,384.84,50.3089820359281,30.5383233532934,54612,63.9821428571429,27.3089285714286,28.8217261904762,0.010691153,0.2993522807955742
249,30-Nov-2021 14:12:00,2585.8,2688.6,384.84,27,0.0900000000000318,384.84,384.93,50.6067901234568,30.4277777777778,54612,64.0546583850932,27.3788819875776,28.9337888198758,0.010816113,0.2920350534841418
250,30-Nov-2021 14:39:00,2659.75,2735.4,384.93,31,0.110000000000014,384.93,385.04,52.7456989247312,29.7811827956989,54612,64.5784946236559,27.4682795698925,29.1203225806452,0.010913463,0.33831736259162426
