datetime,avg_power,max_power,avg_energy,minute_diff,energy_diff,energy_start,energy_stop,out_humid,out_temp,out_light,next_humid,next_temp,next_heatindex
17-Nov-2021 10:02:00,2754.3,2786.3,328.91,17,0.0600000000000023,328.91,328.97,69.7970588235294,30.0627450980392,54612,63.0214285714286,27.125,28.4753571428571
17-Nov-2021 10:19:00,2876.1,3061,328.97,12,0.0799999999999841,328.97,329.05,67.0652777777778,31.0180555555556,54612,63.1388888888889,26.175,27.1590277777778
17-Nov-2021 10:31:00,2832.13,2914.2,329.05,13,0.0999999999999659,329.05,329.15,64.4141025641026,31.5115384615385,54612,65.3307692307692,25.5384615384615,25.8629487179487
17-Nov-2021 10:44:00,2751.1,2837.7,329.15,9,0.0600000000000023,329.15,329.21,62.012962962963,31.8722222222222,54612,65.9481481481481,25.3092592592593,25.6177777777778
17-Nov-2021 10:53:00,2817.57,2888.5,329.21,14,0.110000000000014,329.21,329.32,60.2869047619048,32.2785714285714,54612,66.1083333333333,25.202380952381,25.5038095238095
17-Nov-2021 11:07:00,2786.23,2813.9,329.32,11,0.0799999999999841,329.32,329.4,56.7378787878788,32.7242424242424,54612,65.7287878787879,25.15,25.4368181818182
17-Nov-2021 11:18:00,2806.6,2920.2,329.4,11,0.0600000000000023,329.4,329.46,55.25,33.0833333333333,54612,67.2378787878788,25.1636363636364,25.4909090909091
17-Nov-2021 11:29:00,2018.7,86.1,329.46,13,0.120000000000005,329.46,329.58,55.0858974358974,33.2833333333333,54612,66.3833333333333,25.1435897435897,25.4471794871795
17-Nov-2021 11:42:00,2769.1,2799.1,329.58,13,0.0800000000000409,329.58,329.66,53.8948717948718,33.6448717948718,54612,66.5666666666667,25.0846153846154,25.3864102564103
17-Nov-2021 11:55:00,2832.13,2893.1,329.66,23,0.0999999999999659,329.66,329.76,53.7333333333333,33.6811594202899,54612,66.586231884058,25.0775362318841,25.379347826087
17-Nov-2021 12:18:00,2864.03,2935.6,329.76,11,0.0500000000000114,329.76,329.81,52.5892307692308,33.7476923076923,54612,67.2712121212121,25.3924242424243,25.7433333333333
17-Nov-2021 12:29:00,2020.6,83.2,329.81,14,0.120000000000005,329.81,329.93,52.3928571428571,33.9559523809524,54612,68.010843373494,26.0072289156627,27.2084337349398
17-Nov-2021 12:43:00,2866.1,2913.2,329.93,12,0.0999999999999659,329.93,330.03,50.1097222222222,33.9861111111111,54612,68.3402777777778,26.4125,27.8183333333333
17-Nov-2021 12:55:00,2813.27,2892.4,330.03,11,0.07000000000005,330.03,330.1,49.9257575757576,33.8166666666667,54612,68.6939393939394,26.6742424242424,28.2340909090909
17-Nov-2021 13:06:00,2943.87,3080.4,330.1,12,0.0999999999999659,330.1,330.2,51.0069444444444,33.7236111111111,54612,68.8722222222222,26.9,28.6004166666667
17-Nov-2021 13:18:00,2817.7,2854.5,330.2,12,0.0699999999999932,330.2,330.27,50.9472222222222,33.8083333333333,54612,69.0263888888889,27.0805555555556,28.9095833333333
17-Nov-2021 13:30:00,2891.2,3033.9,330.27,11,0.0900000000000318,330.27,330.36,50.1106060606061,33.8787878787879,54612,69.1045454545455,27.2272727272727,29.1610606060606
17-Nov-2021 13:41:00,2856.23,2882,330.36,12,0.120000000000005,330.36,330.48,50.1222222222222,33.9625,54612,69.2291666666667,27.3555555555555,29.3945833333333
17-Nov-2021 13:53:00,2613,2885.4,330.48,11,0.139999999999986,330.48,330.62,49.1318181818182,34.1757575757576,54612,69.419696969697,27.4590909090909,29.5963636363636
17-Nov-2021 14:04:00,2851.47,2914.7,330.62,10,0.110000000000014,330.62,330.73,48.0316666666667,34.1583333333333,54612,69.4383333333333,27.52,29.708
17-Nov-2021 14:14:00,2805.83,2833.6,330.73,9,0.0799999999999841,330.73,330.81,47.6074074074074,34.2648148148148,54612,69.4666666666667,27.5888888888889,29.8324074074074
17-Nov-2021 14:23:00,3025.9,3081.7,330.81,11,0.180000000000007,330.81,330.99,48.7,34.3257575757576,54612,69.4515151515151,27.6,29.8501515151515
17-Nov-2021 14:34:00,2786.77,2838.2,330.99,9,0.0799999999999841,330.99,331.07,48.5703703703704,34.2481481481481,54612,69.3944444444444,27.6092592592593,29.8587037037037
17-Nov-2021 14:43:00,2996.9,3122.8,331.07,10,0.120000000000005,331.07,331.19,49.83,34.2266666666667,54612,69.3683333333333,27.68,29.9891666666667
17-Nov-2021 14:53:00,3011.5,3171.8,331.19,11,0.149999999999977,331.19,331.34,50.0560606060606,34.3606060606061,54612,69.3560606060606,27.7227272727273,30.065
17-Nov-2021 15:04:00,2810.33,2899.1,331.34,10,0.0900000000000318,331.34,331.43,50.2,34.2316666666667,54612,69.315,27.775,30.1555
17-Nov-2021 15:14:00,3080,3308.6,331.43,11,0.139999999999986,331.43,331.57,50.1878787878788,34.4257575757576,54612,69.3757575757576,27.8015151515152,30.21
17-Nov-2021 15:25:00,2864.8,2895,331.57,12,0.139999999999986,331.57,331.71,50.4305555555556,34.4388888888889,54612,67.2875,27.7611111111111,29.9276388888889
17-Nov-2021 15:37:00,2823.37,2836.2,331.71,11,0.100000000000023,331.71,331.81,50.2106060606061,34.4681818181818,54612,57.2969696969697,26.6151515151515,27.4690909090909
17-Nov-2021 15:48:00,2936.15,3067.4,331.81,12,0.120000000000005,331.81,331.93,51.0208333333333,34.2541666666667,54612,57.7736111111111,26.0541666666667,26.7886111111111
17-Nov-2021 16:00:00,2904.37,3177.3,331.93,12,0.110000000000014,331.93,332.04,51.5472222222222,33.9541666666667,54612,58.0902777777778,25.6708333333333,25.8102777777778
17-Nov-2021 16:12:00,2908.67,3082.7,332.04,12,0.120000000000005,332.04,332.16,52.4788732394366,33.8140845070423,54612,60.9916666666667,25.6027777777778,25.8105555555556
17-Nov-2021 16:24:00,2743.3,2762.3,332.16,13,0.109999999999957,332.16,332.27,53.0384615384615,33.6653846153846,54612,60.8467532467532,25.4974025974026,25.6911688311688
17-Nov-2021 16:37:00,2770.03,2801.7,332.27,12,0.110000000000014,332.27,332.38,53.2875,33.5861111111111,54612,62.6625,25.3916666666667,25.6227777777778
17-Nov-2021 16:49:00,2721.27,2728,332.38,15,0.120000000000005,332.38,332.5,54.3266666666667,33.3888888888889,54612,62.9077777777778,25.3288888888889,25.5594444444444
17-Nov-2021 17:04:00,2717.2,2769.4,332.5,15,0.100000000000023,332.5,332.6,54.9611111111111,33.2888888888889,54612,62.8488888888889,25.2733333333333,25.4974444444444
17-Nov-2021 17:19:00,2751.73,2779,332.6,14,0.0999999999999659,332.6,332.7,56.8880952380952,33.0761904761905,54612,64.0154761904762,25.1916666666667,25.437380952381
17-Nov-2021 17:33:00,2722.17,2752.8,332.7,14,0.0900000000000318,332.7,332.79,57.7880952380952,32.8630952380952,54612,63.9678571428571,25.1476190476191,25.3875
17-Nov-2021 17:47:00,2843.5,2959.7,332.79,12,0.120000000000005,332.79,332.91,57.1513888888889,32.6652777777778,54612,64.6694444444445,25.1555555555556,25.4151388888889
17-Nov-2021 17:59:00,2732.43,2815.7,332.91,14,0.089999999999975,332.91,333,58.8619047619048,32.4464285714286,54612,65.1940476190476,25.1345238095238,25.4058333333333
17-Nov-2021 18:13:00,2777.25,2830.7,333,16,0.110000000000014,333,333.11,60.5489583333333,32.0333333333333,54612,65.4125,25.1270833333333,25.4029166666667
17-Nov-2021 18:29:00,2750.1,2922,333.11,60,0.159999999999968,333.11,333.27,59.8680555555556,31.3944444444444,54612,65.1708333333333,25.07,25.3341944444444
17-Nov-2021 19:29:00,1814.7,86.5,333.27,24,0.0699999999999932,333.27,333.34,61.9694444444444,31.0347222222222,54612,65.3069444444445,25.0479166666667,25.3133333333333
17-Nov-2021 19:53:00,2761.07,2886.6,333.34,27,0.110000000000014,333.34,333.45,63.8385093167702,30.8751552795031,54612,65.7327160493827,25.0222222222222,25.295987654321
17-Nov-2021 20:20:00,2642.2,2677.9,333.45,23,0.0900000000000318,333.45,333.54,65.2123188405797,30.7086956521739,54612,66.5043795620438,25.0094890510949,25.3023357664234
17-Nov-2021 20:43:00,2688.7,2874.7,333.54,44,0.129999999999995,333.54,333.67,66.9897338403042,30.5182509505704,54612,66.8435606060606,24.9234848484849,25.2164015151515
18-Nov-2021 09:18:00,2686.03,2754.4,334.57,56,0.160000000000025,334.57,334.73,61.6193452380952,31.2342261904762,54612,58.8456456456457,25.7804804804805,26.0915915915916
18-Nov-2021 10:14:00,2790.03,2853.8,334.73,16,0.0999999999999659,334.73,334.83,59.1736842105263,31.9431578947368,54612,60.8697916666667,25.428125,25.6157291666667
18-Nov-2021 10:30:00,2817.3,2884.2,334.83,24,0.110000000000014,334.83,334.94,59.0368055555556,31.98125,54612,63.3291666666667,25.3951388888889,25.6435416666667
18-Nov-2021 10:54:00,2758.43,2894.8,334.94,13,0.100000000000023,334.94,335.04,58.6935897435897,32.4974358974359,54612,64.475641025641,25.4423076923077,25.7725641025641
18-Nov-2021 11:07:00,2643.85,2674.8,335.04,13,0.0699999999999932,335.04,335.11,57.4051282051282,32.4858974358974,54612,67.401282051282,26.1423076923077,27.3941025641026
18-Nov-2021 11:20:00,2814.53,2968,335.11,12,0.089999999999975,335.11,335.2,58.1763888888889,32.3569444444445,54612,68.8555555555556,26.6694444444444,28.2413888888889
18-Nov-2021 11:32:00,2813.5,2896.1,335.2,14,0.120000000000005,335.2,335.32,56.9095238095238,32.9071428571429,54612,69.322619047619,27.027380952381,28.8453571428571
18-Nov-2021 11:46:00,2758.1,2859.2,335.32,13,0.110000000000014,335.32,335.43,55.2871794871795,33.4730769230769,54612,68.9820512820513,27.2217948717949,29.1437179487179
18-Nov-2021 11:59:00,2378.3,2710.2,335.43,12,0.089999999999975,335.43,335.52,55.1319444444444,33.6013888888889,54612,68.9458333333333,27.4194444444444,29.4776388888889
18-Nov-2021 12:11:00,2743.7,2772.8,335.52,11,0.0900000000000318,335.52,335.61,55.1560606060606,33.4757575757576,54612,68.6545454545455,27.5878787878788,29.7419696969697
18-Nov-2021 12:22:00,2734.85,2769.6,335.61,6,0.0600000000000023,335.61,335.67,55.5722222222222,33.1333333333333,54612,68.9055555555555,27.6194444444445,29.8252777777778
18-Nov-2021 12:28:00,1988.6,85.5,335.67,6,0.109999999999957,335.67,335.78,56.1,33.1527777777778,54612,69.0583333333333,27.6833333333334,29.9558333333333
18-Nov-2021 12:34:00,2760.27,2772.1,335.78,8,0.0600000000000023,335.78,335.84,56.20625,33.4708333333333,54612,69.1604166666667,27.7208333333333,30.0366666666667
18-Nov-2021 12:42:00,2831.4,2898.3,335.84,10,0.120000000000005,335.84,335.96,55.98,33.6366666666667,54612,69.1677966101695,27.7932203389831,30.1705084745763
18-Nov-2021 12:52:00,2918.4,2945,335.96,12,0.210000000000036,335.96,336.17,56.3180555555556,33.5972222222222,54612,69.3708333333333,27.8819444444444,30.3620833333333
18-Nov-2021 13:04:00,2749.35,2773,336.17,11,0.120000000000005,336.17,336.29,56.7333333333333,33.4727272727273,54612,69.3409090909091,27.9681818181818,30.519696969697
18-Nov-2021 13:15:00,2762,2788.9,336.29,11,0.0799999999999841,336.29,336.37,57.4060606060606,33.3424242424242,54612,69.4166666666667,28.0060606060606,30.6013636363636
18-Nov-2021 13:26:00,2743,2768.9,336.37,12,0.120000000000005,336.37,336.49,57.8916666666667,33.1055555555556,54612,69.4638888888889,28.0652777777778,30.7215277777778
18-Nov-2021 13:38:00,2777,2803.7,336.49,12,0.139999999999986,336.49,336.63,57.9486111111111,33.1638888888889,54612,69.5722222222222,28.1,30.8033333333333
18-Nov-2021 13:50:00,2756.03,2784.1,336.63,12,0.110000000000014,336.63,336.74,57.6361111111111,33.2152777777778,54612,69.6305555555556,28.1,30.8116666666667
18-Nov-2021 14:02:00,2774.3,2867.6,336.74,13,0.120000000000005,336.74,336.86,58.0051948051948,33.1675324675325,54612,69.7115384615385,28.1038461538462,30.8285897435897
18-Nov-2021 14:15:00,2797.8,2844.3,336.86,13,0.129999999999995,336.86,336.99,56.6564102564103,33.5705128205128,54612,69.8205128205128,28.1679487179487,30.9694871794872
18-Nov-2021 14:28:00,2737.43,2772.4,336.99,12,0.129999999999995,336.99,337.12,56.0208333333333,33.5930555555556,54612,69.9055555555556,28.1972222222222,31.0394444444444
18-Nov-2021 14:40:00,2777.83,2856.9,337.12,12,0.100000000000023,337.12,337.22,56.0333333333333,33.4861111111111,54612,69.9319444444444,28.2,31.0477777777778
18-Nov-2021 14:52:00,3049.7,3283.9,337.22,13,0.119999999999948,337.22,337.34,57.1974358974359,33.1653846153846,54612,70.0179487179487,28.2307692307692,31.1220512820513
18-Nov-2021 15:05:00,2836.77,3055.2,337.34,13,0.130000000000052,337.34,337.47,57.6564102564103,33.0538461538462,54612,70.0833333333333,28.2923076923077,31.2548717948718
18-Nov-2021 15:18:00,2970.4,3058.7,337.47,14,0.169999999999959,337.47,337.64,57.7940476190476,32.8761904761905,54612,70.0392857142857,28.3,31.2629761904762
18-Nov-2021 15:32:00,2708.87,2711.7,337.64,15,0.100000000000023,337.64,337.74,58.6611111111111,32.5955555555556,54612,66.8166666666667,28.1211111111111,30.5507777777778
18-Nov-2021 15:47:00,2796.87,2903.5,337.74,19,0.120000000000005,337.74,337.86,57.9631578947368,32.6684210526316,54612,55.5535087719298,26.5657894736842,27.3314912280702
18-Nov-2021 16:06:00,2759.07,2853,337.86,15,0.0999999999999659,337.86,337.96,57.8322222222222,32.8322222222222,54612,56.2,25.9755555555555,26.3705555555556
18-Nov-2021 16:21:00,2858.73,3027.7,337.96,15,0.120000000000005,337.96,338.08,57.8177777777778,32.8822222222222,54612,57.42,25.7377777777778,25.8663333333333
18-Nov-2021 16:36:00,2735.67,2811.5,338.08,14,0.0900000000000318,338.08,338.17,59.1476190476191,32.8130952380952,54612,59.866265060241,25.5518072289157,25.7257831325301
18-Nov-2021 16:50:00,2785.13,2882.7,338.17,16,0.129999999999995,338.17,338.3,59.5052083333333,32.5739583333333,54612,61.2958333333333,25.475,25.6782291666667
18-Nov-2021 17:06:00,2722.55,2762.5,338.3,16,0.0999999999999659,338.3,338.4,60.2260416666667,32.24375,54612,62.2739583333333,25.3854166666667,25.605625
18-Nov-2021 17:22:00,2727.87,2763,338.4,24,0.110000000000014,338.4,338.51,60.2541666666667,31.95625,54612,62.79375,25.2777777777778,25.5005555555556
19-Nov-2021 08:51:00,2749.2,2776.7,339.7,44,0.180000000000007,339.7,339.88,69.5149606299212,30.465748031496,54612,63.2984848484849,25.3045454545455,25.5432196969697
19-Nov-2021 09:35:00,2804.1,2993.1,339.88,13,0.100000000000023,339.88,339.98,67.7782051282051,31.325641025641,54612,64.6128205128205,25.2576923076923,25.5261538461538
19-Nov-2021 09:48:00,2674.65,2761,339.98,13,0.0699999999999932,339.98,340.05,66.9410256410256,31.5141025641026,54612,64.925641025641,25.2474358974359,25.5228205128205
19-Nov-2021 10:01:00,2799.87,2915,340.05,11,0.0999999999999659,340.05,340.15,66.4848484848485,31.6287878787879,54612,65.7954545454545,25.1818181818182,25.4736363636364
19-Nov-2021 10:12:00,2751.43,2881.5,340.15,12,0.0900000000000318,340.15,340.24,65.4041666666667,31.8166666666667,54612,65.6263888888889,25.2,25.4893055555556
19-Nov-2021 10:24:00,2799.53,2923.3,340.24,36,0.129999999999995,340.24,340.37,63.9134259259259,32.0046296296296,54612,64.9152777777778,25.1199074074074,25.3821296296296
19-Nov-2021 11:00:00,2671.73,2714.6,340.37,23,0.0600000000000023,340.37,340.43,63.1224637681159,32.2876811594203,54612,64.3115942028985,25.0666666666667,25.3080434782609
19-Nov-2021 11:23:00,1908.1,87.2,340.43,17,0.120000000000005,340.43,340.55,61.5519607843137,32.3107843137255,54612,65.5088235294118,25.0833333333333,25.3580392156863
19-Nov-2021 11:40:00,2824.75,2895.4,340.55,90,0.159999999999968,340.55,340.71,57.3771799628943,33.391651205937,54612,64.352319109462,24.9293135435993,25.1580333951763
19-Nov-2021 13:10:00,2946.6,2965.2,340.71,18,0.100000000000023,340.71,340.81,55.5018518518519,33.6370370370371,54612,64.6657407407407,24.9861111111111,25.2289814814815
19-Nov-2021 13:28:00,2801.75,2996.6,340.81,19,0.120000000000005,340.81,340.93,54.6061403508772,33.7412280701754,54612,64.5973684210526,24.9017543859649,25.1341228070175
19-Nov-2021 13:47:00,2780.55,2814.6,340.93,29,0.0999999999999659,340.93,341.03,54.2862068965517,33.9201149425287,54612,65.9620689655172,25.0373563218391,25.3187931034483
19-Nov-2021 14:16:00,2978.3,3222.9,341.03,34,0.130000000000052,341.03,341.16,53.6083333333333,34.1357843137255,54612,66.5960784313725,25.0088235294118,25.304362745098
19-Nov-2021 14:50:00,2844.3,2925.1,341.16,10,0.0399999999999636,341.16,341.2,53.7416666666667,34.165,54612,70.7133333333333,25.3866666666667,25.8625
19-Nov-2021 15:00:00,1993.67,82.2,341.2,6,0.0900000000000318,341.2,341.29,54.4638888888889,34.2444444444444,54612,70.6972222222222,25.8277777777778,27.0705555555555
19-Nov-2021 15:06:00,2921.45,2988.8,341.29,8,0.120000000000005,341.29,341.41,53.2958333333333,34.5,54612,70.2083333333333,26.0958333333333,27.4422916666667
19-Nov-2021 15:14:00,2792,2868.9,341.41,9,0.119999999999948,341.41,341.53,52.1462962962963,34.3740740740741,54612,69.8851851851852,26.3944444444444,27.8746296296296
19-Nov-2021 15:23:00,2959.57,3306,341.53,10,0.110000000000014,341.53,341.64,52.6866666666667,34.125,54612,69.76,26.6,28.1861666666667
19-Nov-2021 15:33:00,2883.63,2943.3,341.64,11,0.129999999999995,341.64,341.77,52.8045454545455,34.0939393939394,54612,69.6454545454546,26.7818181818182,28.4675757575758
19-Nov-2021 15:44:00,3005.13,3304.1,341.77,11,0.129999999999995,341.77,341.9,52.7227272727273,34.1984848484848,54612,69.5954545454545,26.9363636363636,28.7163636363636
19-Nov-2021 15:55:00,2913.1,3165.7,341.9,11,0.120000000000005,341.9,342.02,52.9769230769231,34.2276923076923,54612,69.5106060606061,27.0636363636364,28.9207575757576
19-Nov-2021 16:06:00,2875.8,2963.3,342.02,11,0.129999999999995,342.02,342.15,53.1515151515151,34.2772727272727,54612,69.6569230769231,27.1646153846154,29.1055384615385
19-Nov-2021 16:17:00,2843.55,2854.8,342.15,11,0.0800000000000409,342.15,342.23,53.430303030303,34.0818181818182,54612,69.8651515151515,27.3272727272727,29.4057575757576
19-Nov-2021 16:28:00,2978.75,3008.1,342.23,12,0.129999999999995,342.23,342.36,53.8277777777778,33.95,54612,70.0597222222222,27.4847222222222,29.7091666666667
19-Nov-2021 16:40:00,2946.17,3052,342.36,12,0.120000000000005,342.36,342.48,55.0277777777778,33.7083333333333,54612,70.4986111111111,27.6,29.9688888888889
19-Nov-2021 16:52:00,2847.23,3004.4,342.48,13,0.120000000000005,342.48,342.6,55.9428571428572,33.4792207792208,54612,70.8128205128205,27.6884615384615,30.170641025641
19-Nov-2021 17:05:00,3012.25,3157.5,342.6,13,0.139999999999986,342.6,342.74,56.8217948717949,33.2833333333334,54612,70.7397435897436,27.7628205128205,30.3035897435897
19-Nov-2021 17:18:00,2821.93,2909.5,342.74,13,0.089999999999975,342.74,342.83,57.4217948717949,33.1346153846154,54612,70.5038461538462,27.7948717948718,30.3370512820513
19-Nov-2021 17:31:00,2862.7,3007.8,342.83,14,0.150000000000034,342.83,342.98,57.9142857142857,32.9630952380952,54612,70.4845238095238,27.8583333333333,30.4561904761905
19-Nov-2021 17:45:00,2831.33,2946.8,342.98,13,0.120000000000005,342.98,343.1,58.0935897435897,32.8628205128205,54612,70.5525641025641,27.901282051282,30.5467948717949
19-Nov-2021 17:58:00,2750.2,2783.5,343.1,14,0.120000000000005,343.1,343.22,58.7761904761905,32.7964285714286,54612,70.5130952380952,27.9619047619048,30.6597619047619
19-Nov-2021 18:12:00,2829.03,2933.6,343.22,14,0.119999999999948,343.22,343.34,59.1630952380952,32.7321428571429,54612,70.2964285714286,28.0428571428571,30.790119047619
19-Nov-2021 18:26:00,2798.8,2995.8,343.34,13,0.110000000000014,343.34,343.45,59.6961538461538,32.6397435897436,54612,70.4025641025641,28.0833333333333,30.885
19-Nov-2021 18:39:00,2914.5,3084.4,343.45,15,0.189999999999998,343.45,343.64,59.9211111111111,32.5911111111111,54612,70.5677777777778,28.1344444444445,31.0088888888889
19-Nov-2021 18:54:00,2740.25,2769.5,343.64,13,0.0800000000000409,343.64,343.72,60.3602564102564,32.5179487179487,54612,70.6948717948718,28.2230769230769,31.2039743589744
19-Nov-2021 19:07:00,2712.87,2720.7,343.72,14,0.109999999999957,343.72,343.83,63.1571428571429,32.4309523809524,54612,70.4,28.2964285714286,31.31
19-Nov-2021 19:21:00,2731.63,2816.5,343.83,14,0.120000000000005,343.83,343.95,64.2583333333333,32.2928571428571,54612,69.4714285714286,28.3166666666667,31.2138095238095
19-Nov-2021 19:35:00,2696.8,2703.9,343.95,14,0.100000000000023,343.95,344.05,65.0869047619048,32.2071428571429,54612,69.7619047619048,28.4583333333333,31.5429761904762
19-Nov-2021 19:49:00,2871.73,3182.6,344.05,15,0.149999999999977,344.05,344.2,65.8133333333333,32.1211111111111,54612,70.8811111111111,28.4922222222222,31.7906666666667
19-Nov-2021 20:04:00,2670.5,2686.3,344.2,14,0.120000000000005,344.2,344.32,66.5547619047619,32.0261904761905,54612,71.2060240963856,28.4132530120482,31.674578313253
19-Nov-2021 20:18:00,2675.97,2685.3,344.32,13,0.0900000000000318,344.32,344.41,67.3538461538461,31.8717948717949,54612,71.2794871794872,28.3961538461538,31.6517948717949
19-Nov-2021 20:31:00,2836.8,2962.4,344.41,13,0.149999999999977,344.41,344.56,67.8923076923077,31.8371794871795,54612,71.3179487179487,28.4,31.6661538461538
19-Nov-2021 20:44:00,2678.8,2709.8,344.56,13,0.129999999999995,344.56,344.69,68.3012987012987,31.7727272727273,54612,71.175641025641,28.4038461538461,31.6492307692308
19-Nov-2021 20:57:00,2658.1,2672,344.69,12,0.089999999999975,344.69,344.78,67.6513888888889,31.7083333333333,54612,71.2458333333334,28.425,31.7061111111111
19-Nov-2021 21:09:00,2954.6,3173.1,344.78,11,0.0900000000000318,344.78,344.87,67.6106060606061,31.6909090909091,54612,71.4378787878788,28.4621212121212,31.8159090909091
20-Nov-2021 10:25:00,2633.27,2776.5,345.95,71,0.180000000000007,345.95,346.13,65.3700507614213,31.4733502538071,54612,68.1477088948787,25.2045822102426,25.7422911051213
20-Nov-2021 11:36:00,2827.23,2907.8,346.13,18,0.100000000000023,346.13,346.23,61.25,32.0342592592593,54612,69.7259259259259,26.4685185185185,27.9793518518519
20-Nov-2021 11:54:00,2842.93,3006.4,346.23,16,0.109999999999957,346.23,346.34,60.590625,32.4302083333333,54612,69.5572916666667,26.790625,28.47625
20-Nov-2021 12:10:00,2815.75,2888.2,346.34,14,0.07000000000005,346.34,346.41,58.572619047619,32.8702380952381,54612,69.7904761904762,27.0202380952381,28.8740476190476
20-Nov-2021 12:24:00,2933.1,3012.2,346.41,9,0.139999999999986,346.41,346.55,57.6277777777778,33.2166666666667,54612,70.7388888888889,27.1666666666667,29.2077777777778
20-Nov-2021 12:33:00,2699.67,2731.4,346.55,9,0.139999999999986,346.55,346.69,57.3351851851852,33.5055555555556,54612,71.0888888888889,27.3166666666667,29.5088888888889
20-Nov-2021 12:42:00,2734.5,2752.1,346.69,9,0.129999999999995,346.69,346.82,55.5777777777778,33.9722222222222,54612,71.587037037037,27.4962962962963,29.8972222222222
20-Nov-2021 12:51:00,2783.23,2824.1,346.82,11,0.139999999999986,346.82,346.96,55.0287878787879,34.180303030303,54612,71.88,27.6907692307692,30.3038461538462
20-Nov-2021 13:02:00,2777.63,2828,346.96,12,0.0699999999999932,346.96,347.03,53.2541666666667,34.2430555555556,54612,63.6527777777778,26.8458333333333,28.2620833333333
20-Nov-2021 13:14:00,2866.7,2928.1,347.03,13,0.160000000000025,347.03,347.19,54.5884615384615,33.8807692307692,54612,59.8602564102564,25.65,25.880641025641
20-Nov-2021 13:27:00,2703.13,2721.2,347.19,12,0.100000000000023,347.19,347.29,56.4611111111111,33.7388888888889,54612,56.6625,25.1111111111111,25.1568055555556
20-Nov-2021 13:39:00,2741.73,2772.4,347.29,13,0.109999999999957,347.29,347.4,56.0935897435897,33.8307692307692,54612,56.8589743589744,25.0076923076923,25.0475641025641
20-Nov-2021 13:52:00,2826.4,2915.8,347.4,11,0.100000000000023,347.4,347.5,54.9106060606061,34.1712121212121,54612,59.5878787878788,24.769696969697,24.8572727272727
20-Nov-2021 14:03:00,2859.93,2995,347.5,15,0.0799999999999841,347.5,347.58,54.4977777777778,34.2288888888889,54612,60.6933333333333,24.9255555555556,25.0577777777778
20-Nov-2021 14:18:00,937.03,86.1,347.58,229,0.370000000000005,347.58,347.95,68.5463947560087,31.17902403496,54612,64.0611798980335,24.6401310997815,24.8322505462491
20-Nov-2021 18:07:00,2693.1,2770,347.95,162,0.270000000000039,347.95,348.22,79.4219361483007,29.3649845520083,54612,69.5647785787848,24.8602471678682,25.217929969104
21-Nov-2021 09:55:00,2563.37,2651.1,349.49,67,0.189999999999998,349.49,349.68,70.5918635170604,31.8994750656168,54612,66.8708994708995,25.008201058201,25.310582010582
21-Nov-2021 11:02:00,2745.97,2824.2,349.68,17,0.0999999999999659,349.68,349.78,66.5911764705882,32.8441176470588,54612,67.2264705882353,25.1274509803922,25.4511764705882
21-Nov-2021 11:19:00,2667.9,2688.9,349.78,18,0.0900000000000318,349.78,349.87,64.0935185185185,33.3287037037037,54612,67.6731481481482,25.0907407407408,25.4224074074074
21-Nov-2021 11:37:00,2771.8,2867.5,349.87,21,0.0699999999999932,349.87,349.94,65.2404761904762,33.2515873015873,54612,69.0309523809524,25.1063492063492,25.4748412698413
21-Nov-2021 11:58:00,1960.23,82.9,349.94,18,0.129999999999995,349.94,350.07,63.0588785046729,33.3261682242991,54612,68.7685185185185,25.0759259259259,25.4344444444444
21-Nov-2021 12:16:00,2774.73,2887.7,350.07,15,0.0900000000000318,350.07,350.16,61.5155555555556,33.6333333333333,54612,68.7344444444444,25.0511111111111,25.4061111111111
21-Nov-2021 12:31:00,2777.87,2861.7,350.16,13,0.089999999999975,350.16,350.25,59.174358974359,34.0628205128205,54612,66.9987179487179,24.9794871794872,25.2823076923077
21-Nov-2021 12:44:00,2791.83,2895.2,350.25,16,0.0699999999999932,350.25,350.32,58.4010416666667,34.1177083333334,54612,67.3385416666667,25.0239583333333,25.3405208333333
21-Nov-2021 13:00:00,2928.45,2972.4,350.32,15,0.110000000000014,350.32,350.43,57.1738636363636,34.4420454545455,54612,68.0443181818182,25.0795454545455,25.4194318181818
21-Nov-2021 13:15:00,2899.07,3049.8,350.43,14,0.110000000000014,350.43,350.54,56.0047619047619,34.6,54612,68.2440476190476,25.0833333333333,25.4285714285714
21-Nov-2021 13:29:00,1912.6,86.5,350.54,13,0.0499999999999545,350.54,350.59,56.5576923076923,34.5192307692308,54612,67.3012820512821,25.0717948717949,25.3910256410256
21-Nov-2021 13:42:00,3004.3,3056.5,350.59,13,0.120000000000005,350.59,350.71,54.1833333333333,34.5474358974359,54612,68.4519480519481,25.0662337662338,25.4158441558442
21-Nov-2021 13:55:00,2846.1,2934,350.71,5,0.0800000000000409,350.71,350.79,51.9,34.7,54612,66.9933333333333,25.0466666666667,25.3553333333333
21-Nov-2021 14:00:00,2857.97,2880.3,350.79,7,0.0999999999999659,350.79,350.89,50.9,34.7119047619048,54612,68.647619047619,25.0952380952381,25.452619047619
21-Nov-2021 14:07:00,2789.77,2815.7,350.89,8,0.0500000000000114,350.89,350.94,50.7208333333333,34.7125,54612,67.0270833333333,25.00625,25.3129166666667
21-Nov-2021 14:15:00,2934.2,2955.8,350.94,11,0.160000000000025,350.94,351.1,50.9787878787879,34.6075757575758,54612,68.0393939393939,25.0272727272727,25.3616666666667
21-Nov-2021 14:26:00,2809.9,2862,351.1,10,0.089999999999975,351.1,351.19,52.5216666666667,34.6,54612,68.6033333333333,25.0733333333333,25.428
21-Nov-2021 14:36:00,2961.83,3078.1,351.19,12,0.149999999999977,351.19,351.34,52.3541666666667,34.7069444444444,54612,68.1347222222222,25.0819444444444,25.4245833333333
21-Nov-2021 14:48:00,2831.37,2880.4,351.34,10,0.07000000000005,351.34,351.41,52.6633333333333,34.7616666666667,54612,68.8166666666667,25.0916666666667,25.453
21-Nov-2021 14:58:00,2938.3,3030.3,351.41,12,0.149999999999977,351.41,351.56,51.6069444444444,34.6902777777778,54612,69.0597222222222,25.0708333333333,25.43625
21-Nov-2021 15:10:00,2816.13,2854.4,351.56,11,0.100000000000023,351.56,351.66,52.4727272727273,34.7136363636364,54612,68.7878787878788,25.0727272727273,25.4316666666667
21-Nov-2021 15:21:00,2867.87,2935.4,351.66,11,0.089999999999975,351.66,351.75,52.5606060606061,34.769696969697,54612,68.2545454545455,25.0545454545455,25.3972727272727
21-Nov-2021 15:32:00,2985.53,3263.2,351.75,11,0.100000000000023,351.75,351.85,51.6712121212121,34.7136363636364,54612,68.1833333333333,25.0681818181818,25.4109090909091
21-Nov-2021 15:43:00,3008.13,3109.7,351.85,9,0.149999999999977,351.85,352,52.3555555555556,34.6259259259259,54612,66.8055555555556,24.9888888888889,25.2872222222222
21-Nov-2021 15:52:00,2751.85,2803.4,352,13,0.089999999999975,352,352.09,53.3103896103896,34.4454545454545,54612,66.5461538461539,24.8974358974359,25.1796153846154
21-Nov-2021 16:05:00,2812.83,2890.4,352.09,11,0.0900000000000318,352.09,352.18,53.430303030303,34.1772727272727,54612,68.7651515151515,24.9939393939394,25.3442424242424
21-Nov-2021 16:16:00,3024.4,3151.1,352.18,19,0.149999999999977,352.18,352.33,54.3859649122807,34.1271929824562,54612,69.140350877193,25.019298245614,25.3821929824561
21-Nov-2021 16:35:00,2785.8,2836.7,352.33,11,0.0800000000000409,352.33,352.41,55.3363636363636,34.0166666666667,54612,69.8757575757576,25.0287878787879,25.4124242424242
21-Nov-2021 16:46:00,2800.7,3007.5,352.41,3,0.149999999999977,352.41,352.56,54.9944444444444,34,54612,68.25,25.0611111111111,25.405
21-Nov-2021 16:49:00,2919.7,2931.2,352.56,34,0.100000000000023,352.56,352.66,57.8029411764706,33.8029411764706,54612,69.2617647058824,24.9387254901961,25.296568627451
21-Nov-2021 17:23:00,2902.8,3057.9,352.66,22,0.119999999999948,352.66,352.78,61.8174242424242,33.2507575757576,54612,70.1396946564885,24.9740458015267,25.3582442748092
21-Nov-2021 17:45:00,2877,2881.5,352.78,19,0.140000000000043,352.78,352.92,64.4684210526316,32.8535087719298,54612,69.7701754385965,24.9833333333333,25.3583333333333
21-Nov-2021 18:04:00,2738.5,2795.2,352.92,18,0.109999999999957,352.92,353.03,65.6759259259259,32.4601851851852,54612,69.5842592592593,24.9796296296296,25.3493518518519
21-Nov-2021 18:22:00,2818.45,2922.6,353.03,16,0.120000000000005,353.03,353.15,66.6677083333333,32.2229166666667,54612,69.825,24.9802083333333,25.3564583333333
21-Nov-2021 18:38:00,2715.13,2815.5,353.15,15,0.0800000000000409,353.15,353.23,66.7577777777778,32.0811111111111,54612,70.8411111111111,25.03,25.4381111111111
21-Nov-2021 18:53:00,2759.43,2907.6,353.23,16,0.0999999999999659,353.23,353.33,67.634375,31.7572916666667,54612,70.0395833333333,24.9864583333333,25.3692708333333
21-Nov-2021 19:09:00,2771.7,2869.8,353.33,153,0.360000000000014,353.33,353.69,70.270925684485,31.039113428944,54612,68.6703896103896,24.9131168831169,25.2527272727273
24-Nov-2021 08:43:00,2503.9,2570,366.67,148,0.269999999999982,366.67,366.94,68.824099378882,27.4739130434783,54612,71.3975520195837,27.8186046511628,30.491199510404
24-Nov-2021 11:11:00,1740.03,83.6,366.94,34,0.0699999999999932,366.94,367.01,63.1549019607843,28.9642156862745,54612,70.5453201970443,28.0891625615763,30.914433497537
24-Nov-2021 11:45:00,2434.13,2733.2,367.01,23,0.100000000000023,367.01,367.11,61.5847826086957,29.2760869565217,54612,70.3386861313869,28.1,30.9078832116788
24-Nov-2021 12:08:00,2660.77,2732.7,367.11,21,0.110000000000014,367.11,367.22,60.1103174603175,29.7174603174603,54612,70.231746031746,28.0968253968254,30.8868253968254
24-Nov-2021 12:29:00,2582.67,2609.4,367.22,7,0.0699999999999932,367.22,367.29,60.6285714285714,29.8071428571428,54612,70.1642857142857,28.1,30.8830952380952
24-Nov-2021 12:36:00,2569.43,2620.7,367.29,10,0.139999999999986,367.29,367.43,60.3033333333333,29.9633333333333,54612,69.9389830508475,28.0932203389831,30.8377966101695
24-Nov-2021 12:46:00,2597.85,2605.7,367.43,11,0.0500000000000114,367.43,367.48,60.930303030303,29.8045454545455,54612,69.6333333333333,28.0469696969697,30.7084848484849
24-Nov-2021 12:57:00,2702.6,2834.3,367.48,14,0.109999999999957,367.48,367.59,62.3738095238095,29.4142857142857,54612,70.0785714285714,27.9440476190476,30.5691666666667
24-Nov-2021 13:11:00,2726.45,2821.9,367.59,16,0.130000000000052,367.59,367.72,62.50625,29.571875,54612,70.0166666666667,27.96875,30.6083333333333
24-Nov-2021 13:27:00,2591.7,2762.7,367.72,15,0.129999999999995,367.72,367.85,62.8377777777778,29.5944444444444,54612,69.9144444444444,27.9966666666667,30.6495555555555
24-Nov-2021 13:42:00,2564.27,2584.9,367.85,16,0.109999999999957,367.85,367.96,61.9729166666667,30.1166666666667,54612,70.009375,27.9958333333333,30.659375
24-Nov-2021 13:58:00,2564.17,2614,367.96,17,0.129999999999995,367.96,368.09,62.4303921568628,29.9254901960784,54612,70.1343137254902,27.9941176470588,30.6736274509804
24-Nov-2021 14:15:00,2553.95,2562.2,368.09,16,0.0900000000000318,368.09,368.18,62.865625,29.8166666666667,54612,70.3333333333334,28.0072916666667,30.725
24-Nov-2021 14:31:00,2693.43,2853,368.18,17,0.120000000000005,368.18,368.3,62.7303921568628,29.8519607843137,54612,70.2990196078431,28.0980392156863,30.8985294117647
24-Nov-2021 14:48:00,2661.7,2783.2,368.3,18,0.129999999999995,368.3,368.43,62.7214953271028,29.9046728971963,54612,70.3046296296296,28.0990740740741,30.9018518518518
24-Nov-2021 15:06:00,2571.15,2575.3,368.43,17,0.0999999999999659,368.43,368.53,63.1676470588235,29.9421568627451,54612,70.3450980392157,28.1,30.9097058823529
24-Nov-2021 15:23:00,2719.6,2876.1,368.53,18,0.130000000000052,368.53,368.66,62.5018518518518,30.0435185185185,54612,70.3509259259259,28.1,30.9094444444444
24-Nov-2021 15:41:00,2653.1,2825.1,368.66,18,0.109999999999957,368.66,368.77,61.9157407407407,30.2361111111111,54612,70.188785046729,28.1,30.884953271028
24-Nov-2021 15:59:00,2815.95,2882.2,368.77,30,0.129999999999995,368.77,368.9,61.8872222222222,30.0627777777778,54612,63.8811111111111,26.8244444444444,28.1645555555556
24-Nov-2021 16:29:00,2792.8,2823.8,368.9,24,0.140000000000043,368.9,369.04,62.5402777777778,29.6965277777778,54612,64.6090277777778,26.4020833333333,27.6033333333333
24-Nov-2021 16:53:00,2708.07,2869.5,369.04,40,0.139999999999986,369.04,369.18,64.0466666666667,29.3520833333333,54612,66.6133333333333,26.2129166666667,27.452375
24-Nov-2021 17:33:00,2778.6,2870.3,369.18,30,0.120000000000005,369.18,369.3,64.7833333333333,29.0094444444445,54612,67.1527777777778,26.1116666666667,27.3398333333333
24-Nov-2021 18:03:00,2686.05,2788.6,369.3,33,0.149999999999977,369.3,369.45,66.7535353535354,28.5868686868687,54612,65.1388888888889,25.6282828282828,26.1485858585859
25-Nov-2021 09:20:00,2613.75,2644.5,370.24,187,0.279999999999973,370.24,370.52,55.0684516880093,30.0966239813737,54612,69.4137891077636,24.8455388180765,25.1986095017381
25-Nov-2021 12:27:00,2004.9,82.9,370.52,27,0.140000000000043,370.52,370.66,50.5246913580247,31.7166666666667,54612,67.9,26.0469135802469,27.2720987654321
25-Nov-2021 12:54:00,2795.53,2919.2,370.66,22,0.089999999999975,370.66,370.75,49.469696969697,32.1022727272727,54612,67.0871212121212,26.5007575757576,27.8759090909091
25-Nov-2021 13:16:00,2860.53,2998.3,370.75,25,0.100000000000023,370.75,370.85,49.5566666666667,32.2353333333333,54612,66.9543624161074,26.8389261744966,28.3641610738255
25-Nov-2021 13:41:00,2932.75,2996.8,370.85,21,0.109999999999957,370.85,370.96,49.2928571428571,32.7444444444444,54612,66.9238095238096,27.0539682539683,28.6887301587302
25-Nov-2021 14:02:00,2846.83,3106.3,370.96,18,0.110000000000014,370.96,371.07,48.9462962962963,32.9453703703704,54612,66.8925925925926,27.1194444444445,28.7903703703704
25-Nov-2021 14:20:00,2710.13,2756.6,371.07,18,0.110000000000014,371.07,371.18,48.8388888888889,33.1796296296296,54612,66.975,27.2212962962963,28.9614814814815
25-Nov-2021 14:38:00,2696.05,2721.5,371.18,9,0.110000000000014,371.18,371.29,48.3814814814815,33.2148148148148,54612,66.9925925925926,27.2944444444445,29.08
25-Nov-2021 14:47:00,2721.5,2735.1,371.29,11,0.109999999999957,371.29,371.4,48.2272727272727,33.2166666666667,54612,66.9727272727273,27.3030303030303,29.0921212121212
25-Nov-2021 14:58:00,2663.9,2693.5,371.4,12,0.110000000000014,371.4,371.51,48.8236111111111,32.9513888888889,54612,66.9361111111111,27.3263888888889,29.1258333333333
25-Nov-2021 15:10:00,2696.33,2762.6,371.51,12,0.0900000000000318,371.51,371.6,49.6,32.6208333333333,54612,66.9138888888889,27.3847222222222,29.2169444444445
25-Nov-2021 15:22:00,2838.8,3129.4,371.6,13,0.109999999999957,371.6,371.71,50.3807692307692,32.35,54612,66.8948717948718,27.4128205128205,29.26
25-Nov-2021 15:35:00,2799.13,2925.9,371.71,14,0.120000000000005,371.71,371.83,50.9219512195122,32.0512195121951,54612,66.9583333333333,27.4880952380952,29.3867857142857
25-Nov-2021 15:49:00,2681.13,2751.8,371.83,14,0.100000000000023,371.83,371.93,51.4083333333333,31.9011904761905,54612,66.7285714285714,27.5404761904762,29.4519047619048
26-Nov-2021 07:46:00,2610,2706.5,372.85,192,0.299999999999955,372.85,373.15,60.3785498489426,29.0208459214501,54612,66.6613981762918,24.9595744680851,25.2511550151976
26-Nov-2021 10:58:00,1920.9,85.5,373.15,45,0.150000000000034,373.15,373.3,56.4159851301115,30.4066914498141,54612,67.2259259259259,25.1203703703704,25.4431111111111
26-Nov-2021 11:43:00,2799.8,3010.5,373.3,29,0.120000000000005,373.3,373.42,53.5724137931034,30.8580459770115,54612,67.7580459770115,25.1063218390805,25.4413793103448
26-Nov-2021 12:12:00,2690.03,2767.8,373.42,72,0.149999999999977,373.42,373.57,51.2575406032483,31.5183294663573,54612,67.4272727272727,25.0522144522144,25.3736596736597
26-Nov-2021 13:24:00,2795.65,2894.8,373.57,23,0.0900000000000318,373.57,373.66,51.2876811594203,31.5891304347826,54612,67.3231884057971,25.0492753623188,25.3676086956522
26-Nov-2021 13:47:00,2892.35,2988.8,373.66,27,0.109999999999957,373.66,373.77,51.0728395061728,31.5216049382716,54612,68.0358024691358,25.0722222222222,25.4112962962963
26-Nov-2021 14:14:00,2738.67,2880.2,373.77,21,0.110000000000014,373.77,373.88,51.7555555555556,31.5920634920635,54612,68.0746031746032,25.0603174603175,25.3992857142857
26-Nov-2021 14:35:00,2633.55,2642.1,373.88,20,0.0699999999999932,373.88,373.95,52.3394957983193,31.572268907563,54612,69.0958333333333,25.0591666666667,25.4248333333333
26-Nov-2021 14:55:00,2691.9,2811.3,373.95,19,0.0600000000000023,373.95,374.01,52.3622807017544,31.5578947368421,54612,69.0921052631579,25.0508771929825,25.415350877193
26-Nov-2021 15:14:00,1918.43,81.7,374.01,24,0.139999999999986,374.01,374.15,52.3819444444444,31.3895833333333,54612,70.3979166666667,25.0590277777778,25.4588194444444
26-Nov-2021 15:38:00,2641.75,2658.6,374.15,18,0.07000000000005,374.15,374.22,51.5361111111111,31.3796296296296,54612,70.0324074074074,25.0796296296296,25.4715740740741
26-Nov-2021 15:56:00,2782.13,2916,374.22,21,0.109999999999957,374.22,374.33,51.7357142857143,31.2134920634921,54612,69.508,25.0528,25.42824
26-Nov-2021 16:17:00,2683.97,2743.5,374.33,30,0.120000000000005,374.33,374.45,52.3077777777778,30.985,54612,68.9794444444445,25.0033333333333,25.3598333333333
26-Nov-2021 16:47:00,2183.3,2629.5,374.45,19,0.0600000000000023,374.45,374.51,53.5614035087719,30.5315789473684,54612,69.1008771929825,24.9982456140351,25.3572807017544
26-Nov-2021 17:06:00,2727.33,2865.4,374.51,30,0.110000000000014,374.51,374.62,54.2872222222222,30.1638888888889,54612,68.8005586592179,25.0083798882682,25.360782122905
26-Nov-2021 17:36:00,2722.77,2877.7,374.62,178,0.29000000000002,374.62,374.91,58.6873477038425,28.8851921274602,54612,67.7196813495783,24.9613870665417,25.2810871602624
26-Nov-2021 20:34:00,1853.83,80.8,374.91,45,0.129999999999995,374.91,375.04,61.1307407407407,27.9885185185185,54612,69.0466666666667,25.0340740740741,25.3956666666667
26-Nov-2021 21:19:00,2622.73,2668.3,375.04,41,0.129999999999995,375.04,375.17,61.9032520325203,27.6991869918699,54612,69.2130081300813,25.0223577235772,25.3872357723577
26-Nov-2021 22:00:00,1693.93,84.9,375.17,72,0.120000000000005,375.17,375.29,64.6638051044084,27.2719257540603,54612,68.8710648148148,25.0340277777778,25.3909027777778
26-Nov-2021 23:12:00,2475.45,2695.4,375.29,27,0.0999999999999659,375.29,375.39,66.3512345679012,26.9796296296296,54612,69.1234567901234,25.7456790123457,26.6603703703704
26-Nov-2021 23:39:00,2564.33,2705.4,375.39,30,0.110000000000014,375.39,375.5,67.5422222222222,26.7911111111111,54612,68.8245810055866,26.1603351955307,27.4777653631285
27-Nov-2021 09:36:00,2617.5,2687.4,375.91,260,0.419999999999959,375.91,376.33,54.298,29.110275862069,54612,67.2807295251204,24.9586373021334,25.2665726083964
27-Nov-2021 13:56:00,2709.93,2801.4,376.33,37,0.129999999999995,376.33,376.46,48.6294117647059,30.5678733031674,54612,70.140990990991,24.8117117117117,25.1794594594595
27-Nov-2021 14:33:00,2650.7,2762.9,376.46,55,0.150000000000034,376.46,376.61,48.6309090909091,30.9503030303031,54612,70.0300911854103,24.831914893617,25.1989665653495
28-Nov-2021 10:03:00,2600.77,2706.7,377.74,21,0.110000000000014,377.74,377.85,58.0169014084507,26.8901408450704,54612,66.2958904109589,26.9013698630137,28.407397260274
28-Nov-2021 10:24:00,2604.9,2648.2,377.85,26,0.0999999999999659,377.85,377.95,56.5230769230769,27.4724358974359,54612,61.9846153846154,26.8916666666667,28.1528205128205
28-Nov-2021 10:50:00,2521.45,2533.2,377.95,292,0.420000000000016,377.95,378.37,48.7787549971445,29.9636778983438,54612,63.9967447173044,25.2052541404913,25.4628383780697
30-Nov-2021 08:13:00,2512.33,2606.4,383.98,215,0.339999999999975,383.98,384.32,47.8835098335855,29.8473524962179,54612,65.0173252279635,25.5311550151976,26.1408510638298
30-Nov-2021 11:48:00,2667.3,2755.5,384.32,35,0.129999999999995,384.32,384.45,51.1280952380952,30.4728571428572,54612,63.5214285714286,26.7585714285714,28.0118095238095
30-Nov-2021 12:23:00,2557.4,2592.2,384.45,28,0.0900000000000318,384.45,384.54,52.1982142857143,30.3422619047619,54612,63.7136904761905,27.010119047619,28.3679761904762
30-Nov-2021 12:51:00,2641.17,2772.3,384.54,27,0.0799999999999841,384.54,384.62,51.4745341614907,30.5012422360248,54612,63.876397515528,27.1124223602485,28.5263354037267
30-Nov-2021 13:18:00,2740.57,2803.8,384.62,26,0.0799999999999841,384.62,384.7,49.6705128205128,30.6282051282051,54612,63.9608974358974,27.2141025641026,28.6853846153846
30-Nov-2021 13:44:00,1840.9,81,384.7,28,0.139999999999986,384.7,384.84,50.3089820359281,30.5383233532934,54612,63.9821428571429,27.3089285714286,28.8217261904762
30-Nov-2021 14:12:00,2585.8,2688.6,384.84,27,0.0900000000000318,384.84,384.93,50.6067901234568,30.4277777777778,54612,64.0546583850932,27.3788819875776,28.9337888198758
30-Nov-2021 14:39:00,2659.75,2735.4,384.93,31,0.110000000000014,384.93,385.04,52.7456989247312,29.7811827956989,54612,64.5784946236559,27.4682795698925,29.1203225806452
