6.029333333333330103e+01;3.310333333333330330e+01;7.107999999999999829e+01;2.524333333333330032e+01;5.000000000000000000e+00
7.085833333333330586e+01;3.125000000000000000e+01;7.389166666666669414e+01;2.730000000000000071e+01;6.000000000000000000e+00
5.804999999999999716e+01;3.130370370370370026e+01;7.367222222222220296e+01;2.413148148148150085e+01;9.000000000000000000e+00
6.887962962962960489e+01;3.058148148148150014e+01;7.145555555555550598e+01;2.552592592592590037e+01;9.000000000000000000e+00
6.928749999999999432e+01;3.182083333333330089e+01;7.451250000000000284e+01;2.744375000000000142e+01;8.000000000000000000e+00
5.848148148148150227e+01;3.016666666666669983e+01;6.972592592592590677e+01;2.697592592592589966e+01;9.000000000000000000e+00
8.825416666666670551e+01;2.616250000000000142e+01;7.576041666666669983e+01;2.680000000000000071e+01;8.000000000000000000e+00
8.355256410256410504e+01;2.714743589743590135e+01;7.176233766233769984e+01;2.574805194805189856e+01;1.300000000000000000e+01
8.896500000000000341e+01;2.789833333333330145e+01;7.349491525423729854e+01;2.516271186440679841e+01;1.000000000000000000e+01
8.770588235294120238e+01;2.588529411764709920e+01;7.720686274509810687e+01;2.709313725490200042e+01;1.700000000000000000e+01
8.870303030303030312e+01;2.789696969696969830e+01;7.761212121212119541e+01;2.580000000000000071e+01;1.100000000000000000e+01
8.818541666666669698e+01;2.612083333333330160e+01;7.596875000000000000e+01;2.688749999999999929e+01;8.000000000000000000e+00
5.964791666666670267e+01;3.327604166666669983e+01;7.020421052631580494e+01;2.530000000000000071e+01;1.600000000000000000e+01
6.478611111111109722e+01;3.240833333333330302e+01;6.123333333333329875e+01;2.414166666666670125e+01;6.000000000000000000e+00
7.698541666666669414e+01;2.856875000000000142e+01;7.574583333333329449e+01;2.710000000000000142e+01;8.000000000000000000e+00
6.222948717948720088e+01;3.192692307692309939e+01;7.131410256410259763e+01;2.547564102564099997e+01;1.300000000000000000e+01
8.145416666666669414e+01;2.846875000000000000e+01;6.634166666666669698e+01;2.369166666666669840e+01;8.000000000000000000e+00
6.464722222222219727e+01;3.245000000000000284e+01;7.644444444444449971e+01;2.662500000000000000e+01;6.000000000000000000e+00
9.353589743589739669e+01;2.698846153846150031e+01;7.683076923076920650e+01;2.530128205128200136e+01;1.300000000000000000e+01
7.783888888888890278e+01;2.970555555555559835e+01;7.341388888888890563e+01;2.528055555555550171e+01;6.000000000000000000e+00
8.931296296296299886e+01;2.623333333333329875e+01;7.625740740740739909e+01;2.684629629629629832e+01;9.000000000000000000e+00
9.448166666666669755e+01;2.585500000000000043e+01;7.785833333333330586e+01;2.725000000000000000e+01;1.000000000000000000e+01
7.282395833333329449e+01;3.173437500000000000e+01;7.465937499999999716e+01;2.653645833333330017e+01;1.600000000000000000e+01
5.350238095238100300e+01;3.201428571428569825e+01;7.025238095238090352e+01;2.430238095238100016e+01;7.000000000000000000e+00
5.650000000000000000e+01;3.410833333333329875e+01;7.474722222222220580e+01;2.700000000000000000e+01;6.000000000000000000e+00
6.037500000000000000e+01;3.056166666666669940e+01;7.340000000000000568e+01;2.414745762711860166e+01;1.000000000000000000e+01
7.257222222222219443e+01;3.082777777777780059e+01;7.420277777777779704e+01;2.749166666666669911e+01;6.000000000000000000e+00
9.542291666666669414e+01;2.552916666666670054e+01;7.781458333333330302e+01;2.722083333333329946e+01;8.000000000000000000e+00
7.586415094339619714e+01;2.924339622641510061e+01;7.567037037037040648e+01;2.605555555555559977e+01;9.000000000000000000e+00
6.507708333333330586e+01;3.127291666666669911e+01;7.115416666666669698e+01;2.568541666666670054e+01;8.000000000000000000e+00
6.256969696969699868e+01;3.199848484848480012e+01;7.423030303030300558e+01;2.535000000000000142e+01;1.100000000000000000e+01
6.660333333333329620e+01;3.260999999999999943e+01;6.962333333333330643e+01;2.520666666666669897e+01;5.000000000000000000e+00
8.478055555555559408e+01;2.769999999999999929e+01;7.536388888888889426e+01;2.660000000000000142e+01;6.000000000000000000e+00
6.905833333333329449e+01;3.173888888888890136e+01;7.604999999999999716e+01;2.643888888888890065e+01;6.000000000000000000e+00
5.946111111111110148e+01;3.346388888888890278e+01;7.458888888888890278e+01;2.729166666666669983e+01;6.000000000000000000e+00
5.552647058823529846e+01;3.165588235294120167e+01;7.195000000000000284e+01;2.414705882352939881e+01;1.700000000000000000e+01
5.522619047619050292e+01;3.103809523809519888e+01;6.791707317073179695e+01;2.630000000000000071e+01;7.000000000000000000e+00
7.706644295302010050e+01;3.010067114093959972e+01;7.740466666666669937e+01;2.696666666666670054e+01;2.500000000000000000e+01
8.489666666666670380e+01;2.841499999999999915e+01;7.920499999999999829e+01;2.612166666666670167e+01;1.000000000000000000e+01
6.710238095238089784e+01;3.271190476190479757e+01;7.215000000000000568e+01;2.530476190476190013e+01;7.000000000000000000e+00
8.871041666666670267e+01;2.793750000000000000e+01;7.448541666666669414e+01;2.488541666666669983e+01;8.000000000000000000e+00
6.068055555555559977e+01;3.241944444444450113e+01;7.145833333333330017e+01;2.556944444444449971e+01;6.000000000000000000e+00
7.609999999999999432e+01;3.031041666666670054e+01;7.712826086956519589e+01;2.678695652173909991e+01;8.000000000000000000e+00
6.900238095238090352e+01;3.198809523809520172e+01;7.452619047619049297e+01;2.742380952380949921e+01;7.000000000000000000e+00
5.494523809523810343e+01;3.389047619047619975e+01;7.136904761904760619e+01;2.550000000000000000e+01;7.000000000000000000e+00
7.384629629629630188e+01;2.986666666666669911e+01;7.402777777777779988e+01;2.529444444444440165e+01;9.000000000000000000e+00
8.395151515151509614e+01;2.843787878787880175e+01;6.103787878787880317e+01;2.437727272727270034e+01;1.100000000000000000e+01
6.131875000000000142e+01;3.210000000000000142e+01;6.831250000000000000e+01;2.584166666666670054e+01;8.000000000000000000e+00
6.975606060606060055e+01;2.945303030303029956e+01;7.550303030303030027e+01;2.535606060606059842e+01;1.100000000000000000e+01
8.053809523809519533e+01;3.059761904761899842e+01;6.454523809523810485e+01;2.379761904761900126e+01;7.000000000000000000e+00
8.076166666666669869e+01;2.889000000000000057e+01;7.873833333333330131e+01;2.521333333333329918e+01;1.000000000000000000e+01
9.007592592592590108e+01;2.874074074074070140e+01;7.377407407407409323e+01;2.533888888888889923e+01;9.000000000000000000e+00
6.684146341463410579e+01;3.201951219512199742e+01;7.340000000000000568e+01;2.745714285714290170e+01;7.000000000000000000e+00
9.057187500000000568e+01;2.648645833333329946e+01;7.730416666666670267e+01;2.532291666666669983e+01;1.600000000000000000e+01
5.810185185185179790e+01;2.991666666666669983e+01;6.164444444444440308e+01;2.440925925925930073e+01;9.000000000000000000e+00
6.044166666666669840e+01;3.253888888888889852e+01;7.467499999999999716e+01;2.741666666666669983e+01;6.000000000000000000e+00
9.275000000000000000e+01;2.680000000000000071e+01;7.724761904761899700e+01;2.524523809523810058e+01;1.400000000000000000e+01
7.712380952380949850e+01;2.945238095238089926e+01;6.464523809523809916e+01;2.383809523809519959e+01;7.000000000000000000e+00
7.420925925925919842e+01;3.026111111111109864e+01;7.874629629629629335e+01;2.660000000000000142e+01;9.000000000000000000e+00
7.598958333333330017e+01;3.039999999999999858e+01;7.704583333333330586e+01;2.671249999999999858e+01;8.000000000000000000e+00
8.021458333333329449e+01;2.897916666666669983e+01;7.588333333333329733e+01;2.681041666666670054e+01;8.000000000000000000e+00
8.846153846153849543e+01;2.708846153846160121e+01;7.765512820512819303e+01;2.506410256410260118e+01;1.300000000000000000e+01
5.624374999999999858e+01;3.158333333333330017e+01;7.131739130434779383e+01;2.405217391304350016e+01;8.000000000000000000e+00
8.125700934579440116e+01;2.935887850467290150e+01;7.642037037037040648e+01;2.672962962962959921e+01;1.800000000000000000e+01
7.707592592592590108e+01;2.970370370370369884e+01;6.938703703703700398e+01;2.598518518518519826e+01;9.000000000000000000e+00
8.770833333333330017e+01;2.602499999999999858e+01;7.704166666666669983e+01;2.703125000000000000e+01;8.000000000000000000e+00
6.649444444444439739e+01;3.283333333333330017e+01;7.159722222222220012e+01;2.540277777777779988e+01;6.000000000000000000e+00
7.896666666666669698e+01;2.944999999999999929e+01;6.820909090909090366e+01;2.589090909090910131e+01;1.100000000000000000e+01
7.988571428571430033e+01;2.904285714285720132e+01;6.449047619047620117e+01;2.367380952380949921e+01;7.000000000000000000e+00
7.303333333333330302e+01;2.973666666666670011e+01;7.269499999999999318e+01;2.555000000000000071e+01;1.000000000000000000e+01
6.272500000000000142e+01;2.953833333333329847e+01;7.128000000000000114e+01;2.391499999999999915e+01;1.000000000000000000e+01
6.693583333333330643e+01;3.195916666666670025e+01;7.642941176470590392e+01;2.655042016806719829e+01;2.000000000000000000e+01
7.897777777777780273e+01;2.947500000000000142e+01;7.424166666666660319e+01;2.539722222222220083e+01;6.000000000000000000e+00
6.479259259259259807e+01;3.141111111111110077e+01;7.081111111111110290e+01;2.576296296296300170e+01;9.000000000000000000e+00
7.046904761904760051e+01;3.150476190476189942e+01;7.464761904761900269e+01;2.722142857142859995e+01;7.000000000000000000e+00
7.102727272727270247e+01;3.209090909090910060e+01;7.306212121212119825e+01;2.636363636363639884e+01;1.100000000000000000e+01
7.511212121212119541e+01;2.974848484848480012e+01;6.960757575757580184e+01;2.539848484848479870e+01;1.100000000000000000e+01
5.682291666666669983e+01;3.182083333333330089e+01;6.752500000000000568e+01;2.379166666666669983e+01;8.000000000000000000e+00
8.890847457627120320e+01;2.788644067796609960e+01;7.454333333333329392e+01;2.542666666666670139e+01;1.000000000000000000e+01
6.686875000000000568e+01;3.174583333333330160e+01;7.434999999999999432e+01;2.538541666666669983e+01;8.000000000000000000e+00
9.566666666666669983e+01;2.563749999999999929e+01;7.818541666666669698e+01;2.727499999999999858e+01;8.000000000000000000e+00
6.161249999999999716e+01;3.216250000000000142e+01;7.239565217391300678e+01;2.524347826086960112e+01;4.000000000000000000e+00
5.543333333333330160e+01;3.360000000000000142e+01;7.072857142857139934e+01;2.547380952380949992e+01;7.000000000000000000e+00
6.052727272727270247e+01;3.013787878787880103e+01;7.201515151515150137e+01;2.400454545454550015e+01;1.100000000000000000e+01
6.107500000000000284e+01;2.841666666666669983e+01;7.041875000000000284e+01;2.415625000000000000e+01;8.000000000000000000e+00
6.832083333333329733e+01;3.061874999999999858e+01;7.358958333333329449e+01;2.562083333333330160e+01;8.000000000000000000e+00
6.281666666666669840e+01;3.238333333333329733e+01;7.472083333333330302e+01;2.532083333333330089e+01;8.000000000000000000e+00
8.390555555555559408e+01;2.711666666666669911e+01;7.590833333333330302e+01;2.531805555555559906e+01;1.200000000000000000e+01
6.614848484848489818e+01;2.845909090909090011e+01;7.254090909090909634e+01;2.402424242424239864e+01;1.100000000000000000e+01
6.272916666666669983e+01;3.206875000000000142e+01;7.550624999999999432e+01;2.708333333333330017e+01;8.000000000000000000e+00
5.817592592592590250e+01;3.126481481481480174e+01;7.251296296296300170e+01;2.398518518518519826e+01;9.000000000000000000e+00
8.010757575757570237e+01;2.837575757575759994e+01;6.954848484848490386e+01;2.574242424242419958e+01;1.100000000000000000e+01
8.972592592592590677e+01;2.619074074074070069e+01;7.502592592592590393e+01;2.658518518518519969e+01;9.000000000000000000e+00
8.908888888888890278e+01;2.618703703703700114e+01;7.355185185185189312e+01;2.638333333333330089e+01;9.000000000000000000e+00
8.509615384615379696e+01;2.829615384615379980e+01;6.271538461538460041e+01;2.428589743589740024e+01;1.300000000000000000e+01
9.279880952380949566e+01;2.738571428571430033e+01;7.676071428571430033e+01;2.535000000000000142e+01;1.400000000000000000e+01
7.148181818181819835e+01;2.923484848484849863e+01;7.540000000000000568e+01;2.531363636363640168e+01;1.100000000000000000e+01
6.665606060606060623e+01;2.811439393939389930e+01;7.250227272727269678e+01;2.406363636363640168e+01;2.200000000000000000e+01
9.287888888888889483e+01;2.743444444444439867e+01;7.466666666666669983e+01;2.528333333333329946e+01;1.500000000000000000e+01
6.759833333333330074e+01;3.077499999999999858e+01;7.143666666666669585e+01;2.558999999999999986e+01;1.000000000000000000e+01
7.600952380952379883e+01;3.065714285714290099e+01;7.617619047619049866e+01;2.660476190476190084e+01;7.000000000000000000e+00
5.600833333333329733e+01;3.412222222222219870e+01;7.498333333333330586e+01;2.689999999999999858e+01;6.000000000000000000e+00
6.239761904761900269e+01;3.203333333333330302e+01;7.146904761904760051e+01;2.545714285714290170e+01;7.000000000000000000e+00
7.835454545454550157e+01;2.910000000000000142e+01;7.490370370370369812e+01;2.751296296296300170e+01;9.000000000000000000e+00
7.468750000000000000e+01;3.061666666666669911e+01;7.304583333333330586e+01;2.542916666666669911e+01;8.000000000000000000e+00
9.107898550724640074e+01;2.856014492753620004e+01;7.741521739130429580e+01;2.621521739130430007e+01;2.300000000000000000e+01
8.442222222222220296e+01;2.891111111111110077e+01;7.782407407407410460e+01;2.581111111111109935e+01;9.000000000000000000e+00
7.642499999999999716e+01;2.859791666666669840e+01;7.591875000000000284e+01;2.702916666666670054e+01;8.000000000000000000e+00
7.490625000000000000e+01;3.011666666666669911e+01;7.875624999999999432e+01;2.667708333333330017e+01;8.000000000000000000e+00
8.947777777777780273e+01;2.610000000000000142e+01;7.026481481481479818e+01;2.555740740740739980e+01;9.000000000000000000e+00
8.998333333333330586e+01;2.628888888888889852e+01;7.613962264150940484e+01;2.680188679245280170e+01;9.000000000000000000e+00
8.512291666666669698e+01;2.876249999999999929e+01;7.728125000000000000e+01;2.570625000000000071e+01;8.000000000000000000e+00
5.588095238095240092e+01;3.379047619047619833e+01;7.299761904761899700e+01;2.623095238095239878e+01;7.000000000000000000e+00
8.530606060606059771e+01;2.802575757575759852e+01;7.718000000000000682e+01;2.527230769230769880e+01;1.100000000000000000e+01
6.879523809523810485e+01;3.249047619047620117e+01;7.429523809523810485e+01;2.679761904761900126e+01;7.000000000000000000e+00
7.453518518518519897e+01;3.069074074074070069e+01;7.193333333333329449e+01;2.529444444444440165e+01;9.000000000000000000e+00
8.227142857142860066e+01;2.884523809523809845e+01;7.466428571428569683e+01;2.653333333333329946e+01;7.000000000000000000e+00
5.844444444444440023e+01;3.010925925925930002e+01;6.622592592592590677e+01;2.603333333333329946e+01;9.000000000000000000e+00
6.260555555555549745e+01;3.310000000000000142e+01;7.571666666666659751e+01;2.689999999999999858e+01;6.000000000000000000e+00
6.816904761904760335e+01;3.194047619047620046e+01;7.445238095238100584e+01;2.719285714285719990e+01;7.000000000000000000e+00
8.945370370370369528e+01;2.585185185185190093e+01;7.685185185185180501e+01;2.720370370370369884e+01;9.000000000000000000e+00
6.973333333333330586e+01;3.159166666666670054e+01;7.354523809523810485e+01;2.748214285714290028e+01;1.400000000000000000e+01
7.609999999999999432e+01;2.960185185185190093e+01;7.614444444444440308e+01;2.780925925925929931e+01;9.000000000000000000e+00
8.136666666666670267e+01;2.835555555555560048e+01;7.489861111111109437e+01;2.550277777777780130e+01;1.200000000000000000e+01
7.545555555555550598e+01;3.023703703703699830e+01;7.714444444444440308e+01;2.681296296296299886e+01;9.000000000000000000e+00
8.890416666666669698e+01;2.589999999999999858e+01;7.696250000000000568e+01;2.713333333333330089e+01;8.000000000000000000e+00
6.816060606060609928e+01;2.780303030303030098e+01;7.163333333333329733e+01;2.544848484848479941e+01;1.100000000000000000e+01
8.608518518518519613e+01;2.762962962962960134e+01;7.320943396226410016e+01;2.622452830188679940e+01;9.000000000000000000e+00
6.311666666666660319e+01;3.192619047619049866e+01;7.532857142857139365e+01;2.710000000000000142e+01;7.000000000000000000e+00
9.237121212121209624e+01;2.760000000000000142e+01;7.594285714285720701e+01;2.694285714285710043e+01;1.100000000000000000e+01
6.834629629629630188e+01;3.051296296296300170e+01;7.141851851851849631e+01;2.546296296296300099e+01;9.000000000000000000e+00
6.164285714285710327e+01;3.215952380952379741e+01;7.327857142857139650e+01;2.561190476190479970e+01;7.000000000000000000e+00
7.281904761904759482e+01;3.126428571428569825e+01;7.484285714285709901e+01;2.557857142857140076e+01;7.000000000000000000e+00
7.428813559322030358e+01;3.074576271186440124e+01;7.064666666666670380e+01;2.621499999999999986e+01;1.000000000000000000e+01
6.368095238095239807e+01;3.273333333333339823e+01;7.670238095238090636e+01;2.680238095238090068e+01;7.000000000000000000e+00
8.503888888888890563e+01;2.706470588235290009e+01;7.725294117647059977e+01;2.516993464052290008e+01;5.100000000000000000e+01
5.942777777777779846e+01;3.338888888888889994e+01;7.441111111111119669e+01;2.730277777777779846e+01;6.000000000000000000e+00
6.420370370370369528e+01;3.149629629629630045e+01;6.702037037037040079e+01;2.599814814814819997e+01;9.000000000000000000e+00
6.681666666666670551e+01;3.217380952380950276e+01;7.367142857142850687e+01;2.741428571428570038e+01;7.000000000000000000e+00
6.584375000000000000e+01;3.233124999999999716e+01;7.398749999999999716e+01;2.524374999999999858e+01;8.000000000000000000e+00
8.673787878787879890e+01;2.769696969696969902e+01;7.608484848484849294e+01;2.661666666666669911e+01;1.100000000000000000e+01
6.740555555555559408e+01;3.212500000000000000e+01;7.361944444444439739e+01;2.744444444444440023e+01;6.000000000000000000e+00
5.422142857142860350e+01;3.387380952380949850e+01;7.001666666666669414e+01;2.539285714285709972e+01;7.000000000000000000e+00
7.796166666666670153e+01;2.930833333333330160e+01;7.320499999999999829e+01;2.579333333333330103e+01;1.000000000000000000e+01
8.122777777777780273e+01;2.854444444444440165e+01;7.450185185185189596e+01;2.549444444444450042e+01;9.000000000000000000e+00
7.387222222222220580e+01;3.085740740740740051e+01;7.610740740740739341e+01;2.660740740740740051e+01;9.000000000000000000e+00
6.203809523809520243e+01;3.213571428571430033e+01;6.941707317073169747e+01;2.544634146341460124e+01;7.000000000000000000e+00
7.895499999999999829e+01;3.034499999999999886e+01;6.796833333333330529e+01;2.578999999999999915e+01;1.000000000000000000e+01
9.033333333333330017e+01;2.864833333333330145e+01;7.683833333333329563e+01;2.610000000000000142e+01;1.000000000000000000e+01
8.264722222222219727e+01;2.819861111111109864e+01;7.395416666666669414e+01;2.547222222222220012e+01;1.200000000000000000e+01
7.889166666666669414e+01;3.009375000000000000e+01;7.582708333333330586e+01;2.691458333333330089e+01;8.000000000000000000e+00
8.906923076923079918e+01;2.610153846153849955e+01;6.993787878787880175e+01;2.586969696969699939e+01;1.100000000000000000e+01
7.566078431372550028e+01;2.919705882352939952e+01;7.410490196078430358e+01;2.628333333333329946e+01;1.700000000000000000e+01
8.283728813559319804e+01;2.896779661016950058e+01;7.926000000000000512e+01;2.548833333333330131e+01;1.000000000000000000e+01
9.251000000000000512e+01;2.673833333333330131e+01;7.883833333333329563e+01;2.657833333333330117e+01;1.000000000000000000e+01
8.808095238095239665e+01;2.600000000000000000e+01;7.698095238095240234e+01;2.700476190476189942e+01;7.000000000000000000e+00
8.041190476190479330e+01;2.976666666666670125e+01;6.310238095238099731e+01;2.396904761904760051e+01;7.000000000000000000e+00
7.437962962962960489e+01;2.859444444444439881e+01;7.604444444444439455e+01;2.543703703703700114e+01;9.000000000000000000e+00
6.364722222222219727e+01;3.266944444444440165e+01;7.703888888888890563e+01;2.679444444444440165e+01;6.000000000000000000e+00
5.931944444444440023e+01;3.283611111111110148e+01;6.992777777777780557e+01;2.555000000000000071e+01;6.000000000000000000e+00
8.449166666666670267e+01;2.852291666666669911e+01;7.912083333333339397e+01;2.608125000000000071e+01;8.000000000000000000e+00
6.688958333333330586e+01;3.144999999999999929e+01;7.234791666666670551e+01;2.555624999999999858e+01;8.000000000000000000e+00
8.714374999999999716e+01;2.997708333333330089e+01;7.016666666666669983e+01;2.560624999999999929e+01;8.000000000000000000e+00
7.836851851851849915e+01;2.938518518518520040e+01;7.576481481481479818e+01;2.531481481481479889e+01;9.000000000000000000e+00
7.551904761904759766e+01;2.988571428571430033e+01;7.757857142857139365e+01;2.708571428571429962e+01;7.000000000000000000e+00
9.451666666666669414e+01;2.575833333333330089e+01;7.828333333333330302e+01;2.719583333333330089e+01;8.000000000000000000e+00
8.423333333333330586e+01;2.954166666666669983e+01;7.327916666666669698e+01;2.641458333333330089e+01;8.000000000000000000e+00
6.461212121212119541e+01;2.900909090909090082e+01;7.275303030303030027e+01;2.407424242424239935e+01;1.100000000000000000e+01
5.812777777777780130e+01;3.380555555555550029e+01;7.314444444444440308e+01;2.543888888888890065e+01;6.000000000000000000e+00
7.216333333333329847e+01;3.161666666666669911e+01;7.503000000000000114e+01;2.560666666666670110e+01;5.000000000000000000e+00
6.495555555555560545e+01;2.877592592592590037e+01;7.269444444444440023e+01;2.413888888888889994e+01;9.000000000000000000e+00
7.577666666666669926e+01;3.091888888888890108e+01;7.586555555555550256e+01;2.701666666666670125e+01;1.500000000000000000e+01
9.206538461538460183e+01;2.746666666666670054e+01;7.499487179487179844e+01;2.534102564102559896e+01;1.300000000000000000e+01
6.841428571428569683e+01;3.214523809523809916e+01;7.379047619047619833e+01;2.738571428571430033e+01;7.000000000000000000e+00
6.646875000000000000e+01;3.292708333333330017e+01;7.016041666666670551e+01;2.533333333333330017e+01;8.000000000000000000e+00
6.172619047619050292e+01;3.200476190476189942e+01;7.026904761904759766e+01;2.552619047619050008e+01;7.000000000000000000e+00
5.612592592592589824e+01;3.153333333333329946e+01;7.378148148148150653e+01;2.403703703703699901e+01;9.000000000000000000e+00
6.778777777777780500e+01;3.223555555555559948e+01;7.442777777777780557e+01;2.712888888888889838e+01;1.500000000000000000e+01
8.651666666666669414e+01;2.898124999999999929e+01;7.794166666666670551e+01;2.656875000000000142e+01;8.000000000000000000e+00
8.325833333333329733e+01;2.854833333333330003e+01;6.107000000000000028e+01;2.464499999999999957e+01;1.000000000000000000e+01
6.098499999999999943e+01;2.860333333333329975e+01;6.967833333333329904e+01;2.417333333333330003e+01;1.000000000000000000e+01
8.738571428571430033e+01;2.709523809523809845e+01;7.712619047619050150e+01;2.509642857142859995e+01;1.400000000000000000e+01
8.378611111111109722e+01;2.838333333333330089e+01;7.533333333333330017e+01;2.660000000000000142e+01;6.000000000000000000e+00
9.165972222222220012e+01;2.687638888888890065e+01;7.632222222222219443e+01;2.530138888888890136e+01;1.200000000000000000e+01
6.159322033898310167e+01;3.274322033898300077e+01;7.621683168316829438e+01;2.685643564356429991e+01;2.000000000000000000e+01
8.000166666666669357e+01;2.929833333333330003e+01;6.794833333333329506e+01;2.595166666666669997e+01;1.000000000000000000e+01
8.808958333333329449e+01;2.784375000000000000e+01;7.248125000000000284e+01;2.458125000000000071e+01;8.000000000000000000e+00
6.060333333333330330e+01;2.879833333333330003e+01;6.890333333333329335e+01;2.417500000000000071e+01;1.000000000000000000e+01
7.629375000000000284e+01;2.862291666666670054e+01;7.600000000000000000e+01;2.698297872340430104e+01;8.000000000000000000e+00
5.625937499999999858e+01;3.161979166666669983e+01;7.161979166666669983e+01;2.417708333333330017e+01;1.600000000000000000e+01
6.101666666666670125e+01;2.859629629629629832e+01;7.052777777777779988e+01;2.418333333333330160e+01;9.000000000000000000e+00
6.072033898305080157e+01;2.868474576271189846e+01;6.921666666666669698e+01;2.423166666666670110e+01;1.000000000000000000e+01
9.244393939393940229e+01;2.660606060606059842e+01;7.864696969696970541e+01;2.659242424242420100e+01;1.100000000000000000e+01
7.407777777777779704e+01;3.138703703703700043e+01;7.344259259259260375e+01;2.550000000000000000e+01;9.000000000000000000e+00
8.620909090909090366e+01;2.758787878787880032e+01;7.606060606060610496e+01;2.526212121212120110e+01;1.100000000000000000e+01
6.076666666666670125e+01;2.895438596491230143e+01;6.817368421052630367e+01;2.425438596491229859e+01;1.900000000000000000e+01
8.610740740740739341e+01;2.831111111111109935e+01;7.781111111111110290e+01;2.646203703703699972e+01;1.800000000000000000e+01
5.551944444444440308e+01;3.448888888888890136e+01;7.485833333333330586e+01;2.689722222222220083e+01;6.000000000000000000e+00
9.014230769230769624e+01;2.601666666666670125e+01;7.716923076923079350e+01;2.533589743589740095e+01;1.300000000000000000e+01
7.349047619047620117e+01;3.042380952380949921e+01;7.435476190476200031e+01;2.751666666666670125e+01;7.000000000000000000e+00
7.604583333333330586e+01;3.088958333333329875e+01;7.563958333333330586e+01;2.660000000000000142e+01;8.000000000000000000e+00
5.529074074074070211e+01;3.090185185185190164e+01;6.896666666666669698e+01;2.675555555555559906e+01;9.000000000000000000e+00
9.244047619047620401e+01;2.555595238095240163e+01;6.850119047619050150e+01;2.617619047619049866e+01;1.400000000000000000e+01
7.386458333333330017e+01;3.116041666666669840e+01;7.446666666666669698e+01;2.731875000000000142e+01;8.000000000000000000e+00
8.745740740740740193e+01;2.601111111111109864e+01;7.638148148148150085e+01;2.691111111111110077e+01;9.000000000000000000e+00
5.576666666666670125e+01;3.164259259259259949e+01;7.278703703703699546e+01;2.404259259259260162e+01;9.000000000000000000e+00
9.007037037037039795e+01;2.882037037037040150e+01;7.390370370370369812e+01;2.527777777777779988e+01;9.000000000000000000e+00
7.447857142857139934e+01;3.044285714285710043e+01;7.881666666666670551e+01;2.660000000000000142e+01;7.000000000000000000e+00
9.409846153846150685e+01;2.705692307692309839e+01;7.876190476190480183e+01;2.633968253968249940e+01;1.100000000000000000e+01
6.281875000000000142e+01;3.203958333333329733e+01;7.625833333333329733e+01;2.541666666666669983e+01;8.000000000000000000e+00
7.923809523809519817e+01;2.975238095238089997e+01;7.871190476190470520e+01;2.649523809523810058e+01;7.000000000000000000e+00
8.143888888888889710e+01;2.959444444444449829e+01;7.525185185185189596e+01;2.528703703703699901e+01;9.000000000000000000e+00
6.012500000000000000e+01;3.236874999999999858e+01;6.853333333333330302e+01;2.589583333333330017e+01;8.000000000000000000e+00
8.034999999999999432e+01;2.837833333333329833e+01;7.023999999999999488e+01;2.569833333333329861e+01;1.000000000000000000e+01
8.236794871794870687e+01;2.821282051282049963e+01;7.380769230769230660e+01;2.545384615384620020e+01;1.300000000000000000e+01
7.519833333333329506e+01;2.933833333333329918e+01;7.317666666666670494e+01;2.611666666666669911e+01;1.000000000000000000e+01
8.302222222222219727e+01;2.865925925925930073e+01;7.828333333333330302e+01;2.592592592592589895e+01;9.000000000000000000e+00
7.919333333333329961e+01;2.880999999999999872e+01;7.532500000000000284e+01;2.551833333333329890e+01;1.000000000000000000e+01
6.585166666666670210e+01;2.861333333333330131e+01;7.256666666666670551e+01;2.414499999999999957e+01;1.000000000000000000e+01
8.961555555555560204e+01;2.616666666666669983e+01;7.789444444444440308e+01;2.533222222222219955e+01;1.500000000000000000e+01
9.609791666666670551e+01;2.572291666666669840e+01;7.829583333333330586e+01;2.727916666666670054e+01;8.000000000000000000e+00
6.950641025641020576e+01;2.912948717948719946e+01;7.454102564102559825e+01;2.535000000000000142e+01;1.300000000000000000e+01
6.291621621621619909e+01;3.180000000000000071e+01;6.851142857142859555e+01;2.567999999999999972e+01;7.000000000000000000e+00
7.237000000000000455e+01;3.148166666666670110e+01;7.392333333333330359e+01;2.534333333333330174e+01;1.000000000000000000e+01
7.519411764705880330e+01;2.932156862745100057e+01;7.215784313725490051e+01;2.587450980392160105e+01;1.700000000000000000e+01
6.253055555555560119e+01;3.217499999999999716e+01;7.570000000000000284e+01;2.706388888888890065e+01;6.000000000000000000e+00
6.125370370370369955e+01;2.840370370370370168e+01;7.076851851851850483e+01;2.419074074074070069e+01;9.000000000000000000e+00
5.813333333333329733e+01;3.380833333333330160e+01;7.470833333333330017e+01;2.718055555555559977e+01;6.000000000000000000e+00
6.087142857142860208e+01;3.299523809523810058e+01;7.610952380952379315e+01;2.690714285714280152e+01;7.000000000000000000e+00
5.889666666666669670e+01;3.007833333333330117e+01;6.110833333333329875e+01;2.456666666666669840e+01;1.000000000000000000e+01
7.596515151515150421e+01;2.994999999999999929e+01;7.038939393939389788e+01;2.655606060606060126e+01;1.100000000000000000e+01
7.272777777777780273e+01;3.143611111111109935e+01;7.495555555555560545e+01;2.620277777777780059e+01;6.000000000000000000e+00
7.881666666666670551e+01;3.152083333333330017e+01;7.191458333333329733e+01;2.566458333333330089e+01;8.000000000000000000e+00
7.373703703703699830e+01;2.955370370370370026e+01;7.179999999999999716e+01;2.541111111111110077e+01;9.000000000000000000e+00
9.378958333333329733e+01;2.588541666666669983e+01;7.731041666666669698e+01;2.725416666666669840e+01;8.000000000000000000e+00
6.539166666666669414e+01;3.111666666666669911e+01;7.055833333333329449e+01;2.572083333333329946e+01;8.000000000000000000e+00
5.466851851851850341e+01;3.193333333333330160e+01;7.326851851851850483e+01;2.409629629629629832e+01;9.000000000000000000e+00
7.428125000000000000e+01;3.091666666666669983e+01;7.342978723404249308e+01;2.549574468085110013e+01;8.000000000000000000e+00
8.875833333333329733e+01;2.780000000000000071e+01;7.334375000000000000e+01;2.473541666666670125e+01;8.000000000000000000e+00
8.382253521126760631e+01;2.719154929577459967e+01;7.605833333333329449e+01;2.535000000000000142e+01;1.200000000000000000e+01
6.165740740740739767e+01;3.217222222222220296e+01;7.448518518518520182e+01;2.541296296296300028e+01;9.000000000000000000e+00
7.882619047619050434e+01;3.046666666666670054e+01;6.270714285714279868e+01;2.397857142857139934e+01;7.000000000000000000e+00
9.339859154929580143e+01;2.700140845070420070e+01;7.693333333333329449e+01;2.537777777777780130e+01;1.200000000000000000e+01
8.803703703703699546e+01;2.933703703703699972e+01;7.084259259259259522e+01;2.592777777777779846e+01;9.000000000000000000e+00
5.371190476190479757e+01;3.196428571428570109e+01;7.155238095238100016e+01;2.424523809523810058e+01;7.000000000000000000e+00
8.950606060606060055e+01;2.606060606060610141e+01;7.146818181818180449e+01;2.573333333333329875e+01;1.100000000000000000e+01
8.866583333333329620e+01;2.800750000000000028e+01;7.245882352941180216e+01;2.431596638655459941e+01;2.000000000000000000e+01
7.435833333333330586e+01;3.083125000000000071e+01;7.273333333333330586e+01;2.536458333333330017e+01;8.000000000000000000e+00
7.546250000000000568e+01;2.945833333333330017e+01;7.476041666666669983e+01;2.758749999999999858e+01;8.000000000000000000e+00
8.657999999999999829e+01;2.767833333333329904e+01;7.138750000000000284e+01;2.604916666666670011e+01;2.000000000000000000e+01
5.674074074074069785e+01;3.057592592592590108e+01;6.951296296296300170e+01;2.699629629629630045e+01;9.000000000000000000e+00
7.622499999999999432e+01;2.948958333333330017e+01;7.505319148936169427e+01;2.750425531914889987e+01;8.000000000000000000e+00
7.952291666666670267e+01;2.972291666666669840e+01;7.720416666666669414e+01;2.546458333333330160e+01;8.000000000000000000e+00
6.799814814814820352e+01;2.970925925925930144e+01;7.391666666666660035e+01;2.539444444444439952e+01;9.000000000000000000e+00
7.437619047619050150e+01;3.082261904761909932e+01;7.503690476190479330e+01;2.540952380952380096e+01;1.400000000000000000e+01
7.858571428571430317e+01;3.048571428571430175e+01;6.380714285714280010e+01;2.382142857142860137e+01;7.000000000000000000e+00
7.808636363636360045e+01;2.893787878787880175e+01;6.636818181818179596e+01;2.621666666666670054e+01;1.100000000000000000e+01
8.641702127659570465e+01;2.799361702127659868e+01;7.056458333333330302e+01;2.435833333333329875e+01;8.000000000000000000e+00
7.514270833333330302e+01;3.017604166666669840e+01;7.502291666666670267e+01;2.768437499999999929e+01;1.600000000000000000e+01
7.551833333333330245e+01;3.066499999999999915e+01;7.312666666666669357e+01;2.556333333333330060e+01;1.000000000000000000e+01
9.118541666666669698e+01;2.704583333333329875e+01;7.569361702127659441e+01;2.536595744680850117e+01;8.000000000000000000e+00
6.962037037037039511e+01;3.237407407407410176e+01;7.427962962962959637e+01;2.547592592592589966e+01;9.000000000000000000e+00
6.966071428571430602e+01;2.908452380952380167e+01;7.497142857142860350e+01;2.536428571428569967e+01;1.400000000000000000e+01
7.539583333333330017e+01;2.891250000000000142e+01;6.974166666666670267e+01;2.560416666666669983e+01;8.000000000000000000e+00
5.453611111111109722e+01;3.390555555555560119e+01;7.411111111111110006e+01;2.558055555555559835e+01;6.000000000000000000e+00
6.676851851851850483e+01;3.131666666666669840e+01;7.224444444444449687e+01;2.554629629629630116e+01;9.000000000000000000e+00
9.446515151515150421e+01;2.710606060606059842e+01;7.456212121212119825e+01;2.594999999999999929e+01;1.100000000000000000e+01
9.449583333333329449e+01;2.577083333333330017e+01;7.841666666666669983e+01;2.723750000000000071e+01;8.000000000000000000e+00
7.445714285714289815e+01;3.039047619047619975e+01;7.429047619047619833e+01;2.760000000000000142e+01;7.000000000000000000e+00
8.695833333333330017e+01;2.832291666666669983e+01;7.673333333333330586e+01;2.547083333333329946e+01;8.000000000000000000e+00
9.197499999999999432e+01;2.699861111111109935e+01;7.419444444444440023e+01;2.525416666666669840e+01;1.200000000000000000e+01
7.607857142857149313e+01;3.020952380952380167e+01;7.535476190476190084e+01;2.681428571428569896e+01;7.000000000000000000e+00
6.624722222222220580e+01;3.289166666666670125e+01;7.293055555555559977e+01;2.544166666666669840e+01;6.000000000000000000e+00
7.571250000000000568e+01;2.892291666666670125e+01;7.552291666666670267e+01;2.659791666666669840e+01;8.000000000000000000e+00
5.960384615384619877e+01;3.293589743589740237e+01;7.437435897435899790e+01;2.736538461538459899e+01;1.300000000000000000e+01
5.352380952380949708e+01;3.199761904761910003e+01;7.105952380952379599e+01;2.421904761904760051e+01;1.400000000000000000e+01
9.419027777777779420e+01;2.749722222222219870e+01;7.491597222222219443e+01;2.534027777777779988e+01;2.400000000000000000e+01
6.058095238095239665e+01;3.273095238095240234e+01;7.318571428571429749e+01;2.530952380952379954e+01;7.000000000000000000e+00
8.616041666666670551e+01;2.852083333333330017e+01;7.696875000000000000e+01;2.556666666666669840e+01;8.000000000000000000e+00
8.758222222222219955e+01;2.821777777777780116e+01;7.627444444444439853e+01;2.530222222222219841e+01;1.500000000000000000e+01
8.812682926829269547e+01;2.613414634146339921e+01;7.691428571428569683e+01;2.671190476190480112e+01;7.000000000000000000e+00
5.425512820512820156e+01;3.395384615384620020e+01;7.243589743589740237e+01;2.551538461538460112e+01;1.300000000000000000e+01
7.066666666666660035e+01;3.145238095238099874e+01;7.448536585365860674e+01;2.725853658536579971e+01;7.000000000000000000e+00
7.373999999999999488e+01;2.994333333333329961e+01;7.516500000000000625e+01;2.527166666666670025e+01;1.000000000000000000e+01
7.933611111111109437e+01;3.048888888888890136e+01;6.407777777777779704e+01;2.381944444444440023e+01;6.000000000000000000e+00
6.643095238095240518e+01;3.260952380952380025e+01;7.439047619047620685e+01;2.700238095238089997e+01;7.000000000000000000e+00
6.707291666666669983e+01;3.083958333333330160e+01;7.228958333333329733e+01;2.566041666666669840e+01;8.000000000000000000e+00
9.584629629629630188e+01;2.538518518518520040e+01;7.727169811320750625e+01;2.720754716981129917e+01;9.000000000000000000e+00
6.481770833333330017e+01;3.176875000000000071e+01;7.346250000000000568e+01;2.550000000000000000e+01;1.600000000000000000e+01
6.968461538461539817e+01;3.170256410256410007e+01;7.378076923076919513e+01;2.735256410256409865e+01;1.300000000000000000e+01
6.030611111111110034e+01;2.914555555555550015e+01;6.659999999999999432e+01;2.423575418994409958e+01;3.000000000000000000e+01
7.863833333333330700e+01;3.017166666666669883e+01;6.976833333333330245e+01;2.574666666666670167e+01;1.000000000000000000e+01
8.678194444444440592e+01;2.710138888888889852e+01;7.738750000000000284e+01;2.509444444444439881e+01;1.200000000000000000e+01
7.656818181818179880e+01;2.955454545454550086e+01;7.557878787878790661e+01;2.525000000000000000e+01;1.100000000000000000e+01
6.796896551724140068e+01;3.214252873563219737e+01;7.434886363636360329e+01;2.708636363636360045e+01;1.500000000000000000e+01
9.403333333333330302e+01;2.755416666666669911e+01;7.503333333333330302e+01;2.536250000000000071e+01;1.200000000000000000e+01
6.953666666666670437e+01;3.171111111111110148e+01;7.430222222222219841e+01;2.650888888888890094e+01;1.500000000000000000e+01
7.397142857142860350e+01;3.115952380952380096e+01;7.706190476190479899e+01;2.709047619047619904e+01;7.000000000000000000e+00
8.538750000000000284e+01;2.864583333333330017e+01;7.705319148936169427e+01;2.560212765957449932e+01;8.000000000000000000e+00
6.362083333333330160e+01;3.200000000000000000e+01;7.219148936170209652e+01;2.547234042553190037e+01;8.000000000000000000e+00
5.779999999999999716e+01;3.385277777777780273e+01;7.477500000000000568e+01;2.710000000000000142e+01;6.000000000000000000e+00
8.766111111111109722e+01;2.752407407407410034e+01;7.752777777777779988e+01;2.541296296296300028e+01;9.000000000000000000e+00
6.973958333333330017e+01;3.311874999999999858e+01;7.329999999999999716e+01;2.630000000000000071e+01;8.000000000000000000e+00
7.743939393939389504e+01;2.956666666666669840e+01;7.205230769230770704e+01;2.577692307692310081e+01;1.100000000000000000e+01
5.625833333333329733e+01;3.176041666666669983e+01;7.068750000000000000e+01;2.423750000000000071e+01;8.000000000000000000e+00
7.741320754716980446e+01;2.820754716981129917e+01;7.435166666666670210e+01;2.524833333333329932e+01;1.000000000000000000e+01
5.850999999999999801e+01;3.332999999999999829e+01;7.045000000000000284e+01;2.537999999999999901e+01;5.000000000000000000e+00
7.627647058823529846e+01;3.044411764705879975e+01;7.392058823529410461e+01;2.650294117647059977e+01;1.700000000000000000e+01
9.151818181818180165e+01;2.859772727272730108e+01;7.765319148936170279e+01;2.635744680851059840e+01;8.000000000000000000e+00
5.602142857142860066e+01;3.194523809523809987e+01;7.022619047619049581e+01;2.413333333333330089e+01;7.000000000000000000e+00
7.130277777777780557e+01;3.165462962962959992e+01;7.510462962962959921e+01;2.632129629629629974e+01;1.800000000000000000e+01
6.771428571428569398e+01;3.190952380952380096e+01;7.326428571428580483e+01;2.746190476190480112e+01;7.000000000000000000e+00
6.383083333333330245e+01;3.264249999999999829e+01;6.455083333333330131e+01;2.465916666666669954e+01;2.000000000000000000e+01
5.651111111111109864e+01;3.059814814814820139e+01;6.942037037037040648e+01;2.699259259259260091e+01;9.000000000000000000e+00
8.689285714285719564e+01;2.865952380952380096e+01;7.067619047619049866e+01;2.607857142857140076e+01;7.000000000000000000e+00
8.781428571428570251e+01;2.672619047619049937e+01;7.613095238095239381e+01;2.660238095238100087e+01;7.000000000000000000e+00
8.395476190476189515e+01;2.936190476190470022e+01;7.367380952380959513e+01;2.648809523809520172e+01;7.000000000000000000e+00
6.460185185185180501e+01;3.145185185185179932e+01;6.903333333333330302e+01;2.588888888888889994e+01;9.000000000000000000e+00
6.007777777777779704e+01;3.345833333333330017e+01;7.400555555555560261e+01;2.699722222222219870e+01;6.000000000000000000e+00
6.317142857142859924e+01;3.299761904761899700e+01;7.631428571428570251e+01;2.684761904761899842e+01;7.000000000000000000e+00
9.313206106870229917e+01;2.690839694656489911e+01;7.899692307692309612e+01;2.644230769230770051e+01;2.200000000000000000e+01
9.281959459459460504e+01;2.685067567567569924e+01;7.682080536912749835e+01;2.526040268456380034e+01;2.500000000000000000e+01
9.320789473684210691e+01;2.547543859649119824e+01;7.071754385964909773e+01;2.494736842105260166e+01;1.900000000000000000e+01
7.390952380952380452e+01;3.094761904761899984e+01;7.385952380952379315e+01;2.541190476190480041e+01;7.000000000000000000e+00
5.626017699115040216e+01;3.069734513274340060e+01;6.929736842105259598e+01;2.695438596491230143e+01;1.900000000000000000e+01
7.546979166666669414e+01;2.909791666666669840e+01;7.516770833333329449e+01;2.650520833333330017e+01;1.600000000000000000e+01
5.438809523809530333e+01;3.389523809523809916e+01;7.081666666666660603e+01;2.545714285714279868e+01;7.000000000000000000e+00
7.703333333333330302e+01;2.924393939393939945e+01;6.522424242424240504e+01;2.641818181818180022e+01;1.100000000000000000e+01
6.530416666666670267e+01;3.152083333333330017e+01;7.198333333333330586e+01;2.548750000000000071e+01;8.000000000000000000e+00
7.961041666666669414e+01;3.020208333333329875e+01;7.775208333333330302e+01;2.635208333333330089e+01;8.000000000000000000e+00
7.640925925925930073e+01;2.847962962962959921e+01;7.544074074074069358e+01;2.710925925925930002e+01;9.000000000000000000e+00
9.277820512820510146e+01;2.539358974358970045e+01;7.611666666666670267e+01;2.544871794871789916e+01;1.300000000000000000e+01
6.259583333333330302e+01;3.179791666666670125e+01;7.024375000000000568e+01;2.576041666666669983e+01;8.000000000000000000e+00
6.208124999999999716e+01;3.208333333333330017e+01;7.480416666666670267e+01;2.546249999999999858e+01;8.000000000000000000e+00
7.660555555555559692e+01;2.850185185185180003e+01;7.554999999999999716e+01;2.710000000000000142e+01;9.000000000000000000e+00
5.674374999999999858e+01;3.165833333333329946e+01;7.065833333333330302e+01;2.407499999999999929e+01;8.000000000000000000e+00
7.538750000000000284e+01;2.914791666666669911e+01;7.461249999999999716e+01;2.640416666666670054e+01;8.000000000000000000e+00
8.715166666666669926e+01;2.760999999999999943e+01;7.647333333333330074e+01;2.670333333333330117e+01;1.000000000000000000e+01
7.064285714285709616e+01;3.204047619047619833e+01;7.191666666666669983e+01;2.543333333333330160e+01;7.000000000000000000e+00
7.514117647058820637e+01;2.907450980392160034e+01;7.137549019607840251e+01;2.566274509803919912e+01;1.700000000000000000e+01
5.612592592592589824e+01;3.079074074074069856e+01;6.925370370370370665e+01;2.685925925925930002e+01;9.000000000000000000e+00
8.910625000000000284e+01;2.789583333333330017e+01;7.423125000000000284e+01;2.528958333333330089e+01;8.000000000000000000e+00
6.945952380952380167e+01;3.158809523809519959e+01;7.434523809523810201e+01;2.723809523809520172e+01;7.000000000000000000e+00
7.914166666666669414e+01;2.862638888888890065e+01;6.870833333333330017e+01;2.611111111111110006e+01;1.200000000000000000e+01
9.281944444444440023e+01;2.748750000000000071e+01;7.473749999999999716e+01;2.535555555555560048e+01;1.200000000000000000e+01
9.050000000000000000e+01;2.865833333333329946e+01;7.608833333333339510e+01;2.591166666666670082e+01;1.000000000000000000e+01
7.671875000000000000e+01;2.860000000000000142e+01;7.583333333333330017e+01;2.706250000000000000e+01;8.000000000000000000e+00
6.492619047619049866e+01;3.244523809523810343e+01;6.080714285714280010e+01;2.420952380952380167e+01;7.000000000000000000e+00
8.889696969696970541e+01;2.800000000000000000e+01;7.237424242424239651e+01;2.432272727272729895e+01;1.100000000000000000e+01
9.326500000000000057e+01;2.590500000000000114e+01;7.743666666666669585e+01;2.726333333333329989e+01;1.000000000000000000e+01
5.909740259740259916e+01;3.277012987012989953e+01;7.203461538461540670e+01;2.547435897435899932e+01;1.300000000000000000e+01
8.654000000000000625e+01;2.865500000000000114e+01;7.889000000000000057e+01;2.596333333333329918e+01;1.000000000000000000e+01
5.974675324675320098e+01;3.361818181818180307e+01;7.365714285714290099e+01;2.710259740259740013e+01;1.300000000000000000e+01
8.054242424242430332e+01;2.828181818181819906e+01;7.074696969696969973e+01;2.561212121212119897e+01;1.100000000000000000e+01
6.454999999999999716e+01;3.187857142857140147e+01;7.398333333333330586e+01;2.540714285714290099e+01;7.000000000000000000e+00
6.860416666666669983e+01;2.972777777777779917e+01;7.531388888888889710e+01;2.539999999999999858e+01;1.200000000000000000e+01
6.279722222222220296e+01;3.325000000000000000e+01;7.411388888888879478e+01;2.719999999999999929e+01;6.000000000000000000e+00
9.220476190476199463e+01;2.855000000000000071e+01;7.791904761904760335e+01;2.631190476190469951e+01;7.000000000000000000e+00
6.624166666666670267e+01;3.249166666666670267e+01;7.373611111111110006e+01;2.739999999999999858e+01;6.000000000000000000e+00
8.531851851851850199e+01;2.941851851851849986e+01;7.457407407407410460e+01;2.532592592592590108e+01;9.000000000000000000e+00
6.290952380952379741e+01;3.277619047619050008e+01;7.160238095238089784e+01;2.525714285714279939e+01;7.000000000000000000e+00
7.463500000000000512e+01;3.100833333333330089e+01;7.327166666666670380e+01;2.544500000000000028e+01;1.000000000000000000e+01
7.527291666666670267e+01;3.066458333333330089e+01;7.268541666666669698e+01;2.532708333333329875e+01;8.000000000000000000e+00
7.719696969696970257e+01;2.973333333333329875e+01;7.456511627906979811e+01;2.541317829457360133e+01;2.200000000000000000e+01
7.300952380952379883e+01;3.060476190476190084e+01;7.439761904761910216e+01;2.750952380952379883e+01;7.000000000000000000e+00
7.672708333333329733e+01;2.849374999999999858e+01;7.551250000000000284e+01;2.710000000000000142e+01;8.000000000000000000e+00
7.565555555555559408e+01;3.043703703703700114e+01;7.815660377358490507e+01;2.660000000000000142e+01;9.000000000000000000e+00
7.739666666666670380e+01;3.011166666666670011e+01;7.888500000000000512e+01;2.651166666666669869e+01;1.000000000000000000e+01
5.540138888888890278e+01;3.461944444444439739e+01;7.471111111111109437e+01;2.681805555555559906e+01;1.200000000000000000e+01
5.506981132075470242e+01;3.173396226415090027e+01;7.139259259259260659e+01;2.411666666666669911e+01;9.000000000000000000e+00
9.120666666666670608e+01;2.870666666666669897e+01;7.579999999999999716e+01;2.539000000000000057e+01;1.000000000000000000e+01
7.539047619047620685e+01;2.866666666666669983e+01;6.879523809523810485e+01;2.568809523809520101e+01;7.000000000000000000e+00
7.573541666666669414e+01;2.884791666666669840e+01;7.584166666666669698e+01;2.661874999999999858e+01;8.000000000000000000e+00
6.329166666666669983e+01;3.262500000000000000e+01;6.299166666666670267e+01;2.438055555555549958e+01;6.000000000000000000e+00
7.605925925925920694e+01;3.107407407407410105e+01;7.524814814814810404e+01;2.660000000000000142e+01;9.000000000000000000e+00
6.996041666666670267e+01;3.134583333333329946e+01;7.444583333333329733e+01;2.750208333333329946e+01;8.000000000000000000e+00
7.547916666666669983e+01;3.061250000000000071e+01;7.822083333333340249e+01;2.658125000000000071e+01;8.000000000000000000e+00
5.834444444444439881e+01;3.362222222222219870e+01;7.468333333333329449e+01;2.710000000000000142e+01;6.000000000000000000e+00
8.481666666666670551e+01;2.971875000000000000e+01;7.279999999999999716e+01;2.630833333333330160e+01;8.000000000000000000e+00
9.039333333333330245e+01;2.885500000000000043e+01;7.511499999999999488e+01;2.531333333333330060e+01;1.000000000000000000e+01
7.991190476190479330e+01;3.031666666666659893e+01;6.314047619047619975e+01;2.391666666666669983e+01;7.000000000000000000e+00
7.470238095238100584e+01;3.197142857142859995e+01;7.195238095238090636e+01;2.604285714285709830e+01;7.000000000000000000e+00
8.820370370370369528e+01;2.616851851851849986e+01;7.578888888888890563e+01;2.683888888888889923e+01;9.000000000000000000e+00
8.471363636363639671e+01;2.864242424242420171e+01;7.494696969696970257e+01;2.527727272727269892e+01;1.100000000000000000e+01
7.553541666666670551e+01;2.888749999999999929e+01;7.592291666666669414e+01;2.669583333333330089e+01;8.000000000000000000e+00
9.162366412213739864e+01;2.704274809160310156e+01;7.611818181818179596e+01;2.528863636363639955e+01;2.200000000000000000e+01
6.343148148148149801e+01;3.171296296296300099e+01;7.356851851851850199e+01;2.706111111111109935e+01;9.000000000000000000e+00
7.646111111111109437e+01;3.013333333333330089e+01;7.729259259259259807e+01;2.689814814814809907e+01;9.000000000000000000e+00
8.361818181818179596e+01;2.854545454545450056e+01;6.082424242424239935e+01;2.447272727272730108e+01;1.100000000000000000e+01
7.585238095238089784e+01;2.880952380952379954e+01;7.596585365853660221e+01;2.674634146341459839e+01;7.000000000000000000e+00
6.356428571428570251e+01;3.144285714285710043e+01;7.567619047619049866e+01;2.556428571428569896e+01;7.000000000000000000e+00
7.221428571428569398e+01;3.106666666666669840e+01;7.486428571428579914e+01;2.719523809523809987e+01;7.000000000000000000e+00
6.581874999999999432e+01;3.192291666666670125e+01;7.488958333333330586e+01;2.539791666666669911e+01;8.000000000000000000e+00
6.222142857142860350e+01;3.236428571428569967e+01;7.583333333333330017e+01;2.701904761904760122e+01;7.000000000000000000e+00
7.475624999999999432e+01;3.015416666666670054e+01;7.876874999999999716e+01;2.662916666666669840e+01;8.000000000000000000e+00
7.627666666666669926e+01;3.054222222222220040e+01;7.475749999999999318e+01;2.540749999999999886e+01;1.500000000000000000e+01
8.773699186991869681e+01;2.807723577235769952e+01;6.390731707317070232e+01;2.398699186991870036e+01;4.100000000000000000e+01
9.367777777777780557e+01;2.744444444444440023e+01;7.538055555555550313e+01;2.531666666666669840e+01;1.200000000000000000e+01
8.781666666666670551e+01;2.606041666666670054e+01;7.625416666666660603e+01;2.690208333333330160e+01;8.000000000000000000e+00
5.600555555555560261e+01;3.404444444444450113e+01;7.268055555555559977e+01;2.616111111111110077e+01;6.000000000000000000e+00
7.975416666666670551e+01;2.897083333333329946e+01;6.609583333333330302e+01;2.362708333333329946e+01;8.000000000000000000e+00
5.832000000000000028e+01;3.361333333333330131e+01;7.246999999999999886e+01;2.535000000000000142e+01;5.000000000000000000e+00
6.783666666666670153e+01;3.014999999999999858e+01;6.923055555555559692e+01;2.564722222222220083e+01;6.000000000000000000e+00
6.499285714285710469e+01;3.239047619047619975e+01;7.659999999999999432e+01;2.660476190476190084e+01;7.000000000000000000e+00
8.910555555555559692e+01;2.612962962962960134e+01;7.231851851851850199e+01;2.625000000000000000e+01;9.000000000000000000e+00
8.393666666666669585e+01;2.834333333333330174e+01;7.532258064516129537e+01;2.660000000000000142e+01;5.000000000000000000e+00
8.671698113207550307e+01;2.881509433962260047e+01;7.160925925925930358e+01;2.611851851851849915e+01;9.000000000000000000e+00
7.679444444444449402e+01;2.869999999999999929e+01;7.578888888888890563e+01;2.690185185185179861e+01;9.000000000000000000e+00
8.100000000000000000e+01;2.766363636363639955e+01;7.618333333333329449e+01;2.749444444444440094e+01;9.000000000000000000e+00
8.802121212121210192e+01;2.807575757575759923e+01;6.982153846153849486e+01;2.412153846153849912e+01;1.100000000000000000e+01
7.311363636363640239e+01;2.867272727272730037e+01;7.493787878787880175e+01;2.542121212121210050e+01;1.100000000000000000e+01
5.977962962962960347e+01;2.937407407407410176e+01;6.439444444444440308e+01;2.423333333333329875e+01;9.000000000000000000e+00
8.897222222222220012e+01;2.788518518518520040e+01;7.482407407407410460e+01;2.554629629629630116e+01;9.000000000000000000e+00
7.210277777777780273e+01;3.102777777777779988e+01;7.400555555555550313e+01;2.748888888888890136e+01;6.000000000000000000e+00
6.167962962962960205e+01;3.226111111111109864e+01;7.613888888888889994e+01;2.541666666666669983e+01;9.000000000000000000e+00
6.365277777777779988e+01;3.320138888888889994e+01;6.363611111111109864e+01;2.398194444444440165e+01;1.200000000000000000e+01
5.839761904761910216e+01;3.372619047619050292e+01;7.464761904761900269e+01;2.712857142857140147e+01;7.000000000000000000e+00
7.237142857142859498e+01;3.273333333333329875e+01;7.259999999999999432e+01;2.614999999999999858e+01;7.000000000000000000e+00
9.274393939393939945e+01;2.758939393939390072e+01;7.065294117647060546e+01;2.750980392156860077e+01;1.100000000000000000e+01
6.410925925925930358e+01;2.907777777777780059e+01;7.210370370370370097e+01;2.403703703703699901e+01;9.000000000000000000e+00
6.970952380952380167e+01;3.238988095238099874e+01;7.019101123595500269e+01;2.555224719101120101e+01;3.100000000000000000e+01
5.816206896551720007e+01;3.379310344827590029e+01;6.920333333333330472e+01;2.522333333333330074e+01;5.000000000000000000e+00
7.268703703703700114e+01;2.962222222222219870e+01;7.654999999999999716e+01;2.544444444444440023e+01;9.000000000000000000e+00
6.784444444444440592e+01;3.068703703703700114e+01;7.064814814814819499e+01;2.557222222222220154e+01;9.000000000000000000e+00
7.399583333333329449e+01;3.139999999999999858e+01;7.454375000000000284e+01;2.737291666666670054e+01;8.000000000000000000e+00
5.425476190476189942e+01;3.182857142857140076e+01;7.021428571428569398e+01;2.406190476190479899e+01;7.000000000000000000e+00
5.545000000000000284e+01;3.175185185185189951e+01;7.264444444444440308e+01;2.424074074074070140e+01;9.000000000000000000e+00
7.091805555555559692e+01;2.907916666666670125e+01;7.542361111111110006e+01;2.544166666666669840e+01;1.200000000000000000e+01
8.148125000000000284e+01;2.856041666666670054e+01;7.563541666666669983e+01;2.620625000000000071e+01;8.000000000000000000e+00
8.738636363636359761e+01;2.814545454545460146e+01;7.461515151515149569e+01;2.548333333333329875e+01;1.100000000000000000e+01
5.955833333333330160e+01;3.336111111111110006e+01;7.442499999999999716e+01;2.731944444444440023e+01;6.000000000000000000e+00
8.973703703703709778e+01;2.619999999999999929e+01;7.578518518518519897e+01;2.663518518518520040e+01;9.000000000000000000e+00
8.473333333333330586e+01;2.886041666666670125e+01;6.909999999999999432e+01;2.582708333333329875e+01;8.000000000000000000e+00
6.811666666666670267e+01;3.078958333333330089e+01;7.301874999999999716e+01;2.560208333333330089e+01;8.000000000000000000e+00
7.725238095238090352e+01;2.970952380952380167e+01;6.449285714285720417e+01;2.375000000000000000e+01;7.000000000000000000e+00
8.802619047619049297e+01;2.719523809523809987e+01;7.560238095238089784e+01;2.660000000000000142e+01;7.000000000000000000e+00
8.411666666666670267e+01;3.074074074074070140e+01;7.018113207547169452e+01;2.566792452830189930e+01;9.000000000000000000e+00
6.308541666666670267e+01;3.186458333333330017e+01;7.618333333333329449e+01;2.549166666666669911e+01;8.000000000000000000e+00
6.250476190476189942e+01;3.228333333333330302e+01;7.226428571428570535e+01;2.549285714285720061e+01;7.000000000000000000e+00
7.080714285714290668e+01;3.136428571428569967e+01;7.393809523809530049e+01;2.730000000000000071e+01;7.000000000000000000e+00
8.393999999999999773e+01;2.836333333333330131e+01;6.328000000000000114e+01;2.430166666666670139e+01;1.000000000000000000e+01
7.637291666666669698e+01;2.974374999999999858e+01;7.750833333333329733e+01;2.709583333333329946e+01;8.000000000000000000e+00
7.618888888888889710e+01;3.052407407407410034e+01;7.801296296296300170e+01;2.660370370370370097e+01;9.000000000000000000e+00
6.617272727272730037e+01;2.837121212121209979e+01;7.190303030303030596e+01;2.408030303030299990e+01;1.100000000000000000e+01
7.676979166666670551e+01;3.000625000000000142e+01;7.756562499999999716e+01;2.700520833333330017e+01;1.600000000000000000e+01
6.760416666666669983e+01;3.266041666666669840e+01;7.434999999999999432e+01;2.687916666666669840e+01;8.000000000000000000e+00
7.656190476190479899e+01;3.056071428571430104e+01;7.685119047619049581e+01;2.663571428571430033e+01;1.400000000000000000e+01
6.826500000000000057e+01;3.057499999999999929e+01;7.210999999999999943e+01;2.551333333333329989e+01;1.000000000000000000e+01
7.266261682242989650e+01;3.011401869158880018e+01;7.228333333333330302e+01;2.549537037037039866e+01;1.800000000000000000e+01
7.195000000000000284e+01;3.110000000000000142e+01;7.399523809523809348e+01;2.748571428571430175e+01;7.000000000000000000e+00
6.440925925925930073e+01;3.147037037037040008e+01;6.816481481481480387e+01;2.592592592592589895e+01;9.000000000000000000e+00
6.106969696969699868e+01;2.990454545454549873e+01;7.127878787878789524e+01;2.405454545454550086e+01;1.100000000000000000e+01
6.031428571428570251e+01;3.266190476190480041e+01;7.025238095238090352e+01;2.536190476190470022e+01;7.000000000000000000e+00
6.530277777777780557e+01;3.291944444444440165e+01;7.434166666666669698e+01;2.719999999999999929e+01;6.000000000000000000e+00
8.175555555555550313e+01;2.859259259259259878e+01;7.822222222222220012e+01;2.599814814814819997e+01;9.000000000000000000e+00
8.415208333333329449e+01;2.869166666666669840e+01;7.669791666666669983e+01;2.660416666666669983e+01;8.000000000000000000e+00
6.079074074074070211e+01;2.903333333333329946e+01;6.742777777777780557e+01;2.416666666666669983e+01;9.000000000000000000e+00
7.365000000000000568e+01;3.126666666666670125e+01;7.260333333333329620e+01;2.564833333333330145e+01;1.000000000000000000e+01
9.413518518518519329e+01;2.589629629629629903e+01;7.748148148148149517e+01;2.726296296296300170e+01;9.000000000000000000e+00
8.876363636363639387e+01;2.806969696969699868e+01;7.202272727272729469e+01;2.428181818181819906e+01;1.100000000000000000e+01
9.441666666666669983e+01;2.573333333333329875e+01;7.767708333333330017e+01;2.712916666666669840e+01;8.000000000000000000e+00
7.340238095238089500e+01;3.140476190476190155e+01;7.452380952380950419e+01;2.560952380952380025e+01;7.000000000000000000e+00
8.699666666666669812e+01;2.756166666666669940e+01;7.657166666666670096e+01;2.531333333333330060e+01;1.000000000000000000e+01
5.713218390804600233e+01;3.262241379310339795e+01;6.572183908045980161e+01;2.650229885057470014e+01;2.900000000000000000e+01
8.857727272727269963e+01;2.707121212121209908e+01;7.861363636363630292e+01;2.559696969696970115e+01;1.100000000000000000e+01
8.106333333333330415e+01;2.937166666666670167e+01;7.918333333333329449e+01;2.649833333333329932e+01;1.000000000000000000e+01
6.070606060606060339e+01;2.874848484848480012e+01;6.960606060606059486e+01;2.420909090909090011e+01;1.100000000000000000e+01
9.553958333333329733e+01;2.539375000000000071e+01;7.835625000000000284e+01;2.728125000000000000e+01;8.000000000000000000e+00
9.308974358974360541e+01;2.524871794871789987e+01;7.592051282051279770e+01;2.540512820512820014e+01;1.300000000000000000e+01
8.366060606060609928e+01;2.881363636363640168e+01;7.639545454545449843e+01;2.513939393939390143e+01;1.100000000000000000e+01
6.355555555555550029e+01;3.306388888888889710e+01;7.596111111111119385e+01;2.689166666666670125e+01;6.000000000000000000e+00
9.254929577464790214e+01;2.760704225352110086e+01;7.370999999999999375e+01;2.677749999999999986e+01;1.200000000000000000e+01
8.980416666666670267e+01;2.608125000000000071e+01;7.881666666666670551e+01;2.738333333333330089e+01;8.000000000000000000e+00
8.309285714285709901e+01;2.852380952380950063e+01;7.498048780487799547e+01;2.659268292682930124e+01;7.000000000000000000e+00
7.559166666666669698e+01;2.868958333333329946e+01;7.054680851063830005e+01;2.575319148936170066e+01;8.000000000000000000e+00
8.045416666666669414e+01;2.976458333333329875e+01;7.600416666666670551e+01;2.689375000000000071e+01;8.000000000000000000e+00
8.966060606060609928e+01;2.632272727272729895e+01;7.706060606060610496e+01;2.534545454545450127e+01;1.100000000000000000e+01
7.448958333333330017e+01;3.080416666666669911e+01;7.506458333333330302e+01;2.711250000000000071e+01;8.000000000000000000e+00
5.451481481481479818e+01;3.101851851851850128e+01;6.843148148148149801e+01;2.656111111111109935e+01;9.000000000000000000e+00
7.936153846153850111e+01;2.857692307692310152e+01;6.924545454545450696e+01;2.595151515151519916e+01;1.100000000000000000e+01
9.515952380952380452e+01;2.543095238095240163e+01;7.776904761904759766e+01;2.721666666666670054e+01;7.000000000000000000e+00
7.055277777777780557e+01;3.142777777777779846e+01;7.423333333333330586e+01;2.730000000000000071e+01;6.000000000000000000e+00
7.308333333333330017e+01;2.981481481481479889e+01;7.157962962962959352e+01;2.558148148148150014e+01;9.000000000000000000e+00
7.559074074074069927e+01;2.896111111111110148e+01;7.572777777777780273e+01;2.660000000000000142e+01;9.000000000000000000e+00
9.052222222222219727e+01;2.869259259259260020e+01;7.570740740740740193e+01;2.578333333333329946e+01;9.000000000000000000e+00
6.656923076923079918e+01;2.849871794871789987e+01;7.228846153846150457e+01;2.402435897435900003e+01;1.300000000000000000e+01
7.112857142857140502e+01;3.136190476190470022e+01;7.366190476190479330e+01;2.748571428571430175e+01;7.000000000000000000e+00
7.875909090909090082e+01;2.896818181818180094e+01;7.584696969696969404e+01;2.567272727272730037e+01;1.100000000000000000e+01
8.011333333333330131e+01;3.003833333333329847e+01;7.669666666666670096e+01;2.607000000000000028e+01;1.000000000000000000e+01
6.912500000000000000e+01;2.764999999999999858e+01;7.126666666666669414e+01;2.569833333333329861e+01;1.000000000000000000e+01
8.749761904761909648e+01;2.605000000000000071e+01;7.657380952380950134e+01;2.695476190476189871e+01;7.000000000000000000e+00
9.274743589743590633e+01;2.559102564102559896e+01;6.373717948717950321e+01;2.552051282051279912e+01;1.300000000000000000e+01
8.102291666666670267e+01;2.964375000000000071e+01;7.632083333333329733e+01;2.681458333333329946e+01;8.000000000000000000e+00
7.727708333333329449e+01;3.029791666666670125e+01;7.597708333333329733e+01;2.544375000000000142e+01;8.000000000000000000e+00
9.061666666666670267e+01;2.865370370370370168e+01;7.650925925925929505e+01;2.601666666666670125e+01;9.000000000000000000e+00
9.580370370370370381e+01;2.519629629629629974e+01;7.762962962962960489e+01;2.720740740740739838e+01;9.000000000000000000e+00
7.027619047619049297e+01;3.220714285714289815e+01;7.466904761904770282e+01;2.721666666666670054e+01;7.000000000000000000e+00
6.197962962962959921e+01;3.254999999999999716e+01;7.475370370370370665e+01;2.547962962962959921e+01;9.000000000000000000e+00
7.208055555555550598e+01;3.110000000000000142e+01;7.391388888888890563e+01;2.749444444444440094e+01;6.000000000000000000e+00
9.122650602409639475e+01;2.732530120481930069e+01;7.585595238095240234e+01;2.538928571428569825e+01;1.400000000000000000e+01
7.615333333333340704e+01;2.871166666666670153e+01;7.593666666666669585e+01;2.680000000000000071e+01;1.000000000000000000e+01
8.934509803921569926e+01;2.655980392156860148e+01;7.834215686274509949e+01;2.532549019607839824e+01;1.700000000000000000e+01
6.948703703703699830e+01;3.250370370370369955e+01;7.240462962962959637e+01;2.617037037037039937e+01;1.800000000000000000e+01
5.548809523809519817e+01;3.446666666666669698e+01;7.340000000000000568e+01;2.646585365853659866e+01;7.000000000000000000e+00
8.394583333333329733e+01;2.869375000000000142e+01;7.712708333333330302e+01;2.665208333333330160e+01;8.000000000000000000e+00
8.543500000000000227e+01;2.854666666666669883e+01;7.929333333333329392e+01;2.620499999999999829e+01;1.000000000000000000e+01
7.465158730158729838e+01;2.978888888888889852e+01;7.584206349206350239e+01;2.529047619047619833e+01;2.100000000000000000e+01
9.117499999999999716e+01;2.691388888888889852e+01;7.628055555555559408e+01;2.532083333333330089e+01;1.200000000000000000e+01
6.920952380952380167e+01;3.158571428571429962e+01;7.454523809523810485e+01;2.749047619047620117e+01;7.000000000000000000e+00
5.641219512195119989e+01;3.394634146341459768e+01;7.494047619047620401e+01;2.692142857142859924e+01;7.000000000000000000e+00
5.596481481481480103e+01;3.178055555555560119e+01;7.360833333333330586e+01;2.411388888888890136e+01;1.800000000000000000e+01
6.215277777777779988e+01;3.245000000000000284e+01;7.593333333333339397e+01;2.700000000000000000e+01;6.000000000000000000e+00
5.585277777777780273e+01;3.374444444444439739e+01;7.118611111111110290e+01;2.552777777777779988e+01;6.000000000000000000e+00
9.323205128205130165e+01;2.700128205128210013e+01;7.709358974358970329e+01;2.529871794871790058e+01;1.300000000000000000e+01
6.061063829787229906e+01;3.223829787234039657e+01;6.792083333333330586e+01;2.581250000000000000e+01;8.000000000000000000e+00
7.243611111111110290e+01;3.155277777777779846e+01;6.300555555555560261e+01;2.404722222222219941e+01;6.000000000000000000e+00
6.121266666666669920e+01;3.205866666666670284e+01;7.095533333333330006e+01;2.557999999999999829e+01;2.500000000000000000e+01
7.105762711864410619e+01;2.882372881355929906e+01;7.472499999999999432e+01;2.539999999999999858e+01;1.000000000000000000e+01
6.741914893617020255e+01;3.112127659574469973e+01;7.129375000000000284e+01;2.548333333333329875e+01;8.000000000000000000e+00
7.865454545454549873e+01;2.880303030303030098e+01;6.763181818181820404e+01;2.613181818181820049e+01;1.100000000000000000e+01
8.030757575757570521e+01;2.834696969696970115e+01;7.037878787878790376e+01;2.565151515151519845e+01;1.100000000000000000e+01
7.777166666666670380e+01;3.034499999999999886e+01;7.164666666666670380e+01;2.569500000000000028e+01;1.000000000000000000e+01
8.525158730158730691e+01;2.890476190476190155e+01;7.376507936507940144e+01;2.548333333333329875e+01;2.100000000000000000e+01
7.788703703703700398e+01;3.007777777777780059e+01;7.541666666666669983e+01;2.541296296296300028e+01;9.000000000000000000e+00
6.337500000000000000e+01;3.211249999999999716e+01;7.742708333333330017e+01;2.556458333333329946e+01;8.000000000000000000e+00
6.610999999999999943e+01;3.200777777777779676e+01;7.539000000000000057e+01;2.533999999999999986e+01;1.500000000000000000e+01
9.287692307692310578e+01;2.681282051282050105e+01;7.714675324675330614e+01;2.522987012987010047e+01;1.300000000000000000e+01
6.680208333333330017e+01;3.112500000000000000e+01;7.246458333333329449e+01;2.557708333333329875e+01;8.000000000000000000e+00
6.156428571428570251e+01;3.363333333333329733e+01;7.396904761904760051e+01;2.715476190476190155e+01;7.000000000000000000e+00
5.488703703703699688e+01;3.113333333333330089e+01;6.802407407407409323e+01;2.639259259259259949e+01;9.000000000000000000e+00
8.931886792452830548e+01;2.610188679245279886e+01;7.072777777777780273e+01;2.607592592592590108e+01;9.000000000000000000e+00
7.049166666666670267e+01;3.223333333333329875e+01;7.311666666666670267e+01;2.553333333333329946e+01;6.000000000000000000e+00
8.806851851851850199e+01;2.803333333333329946e+01;6.383703703703699972e+01;2.387222222222219870e+01;9.000000000000000000e+00
5.574444444444439739e+01;3.070740740740739838e+01;6.902037037037040079e+01;2.680000000000000071e+01;9.000000000000000000e+00
6.107619047619039776e+01;3.346666666666659751e+01;7.268095238095230570e+01;2.700714285714289886e+01;7.000000000000000000e+00
7.095303030303030312e+01;2.888787878787880103e+01;7.521515151515150421e+01;2.542272727272730037e+01;1.100000000000000000e+01
7.926041666666669983e+01;2.928125000000000000e+01;6.554583333333330586e+01;2.371666666666670054e+01;8.000000000000000000e+00
7.083095238095239665e+01;3.257857142857140076e+01;7.400000000000000000e+01;2.641428571428570038e+01;7.000000000000000000e+00
5.940476190476189799e+01;3.346428571428570109e+01;7.449523809523809348e+01;2.730000000000000071e+01;7.000000000000000000e+00
7.290238095238099447e+01;3.064285714285719919e+01;7.427142857142860066e+01;2.750000000000000000e+01;7.000000000000000000e+00
5.517380952380950276e+01;3.189047619047619975e+01;7.002380952380950419e+01;2.424761904761900055e+01;7.000000000000000000e+00
7.551874999999999716e+01;3.015833333333329946e+01;7.461875000000000568e+01;2.753125000000000000e+01;8.000000000000000000e+00
7.673958333333330017e+01;2.859166666666670054e+01;7.579791666666669414e+01;2.710000000000000142e+01;8.000000000000000000e+00
5.492222222222220296e+01;3.189074074074069998e+01;7.335370370370370097e+01;2.410000000000000142e+01;9.000000000000000000e+00
6.866818181818179312e+01;2.771515151515150066e+01;7.143076923076920082e+01;2.559846153846149974e+01;1.100000000000000000e+01
5.831805555555560261e+01;3.279444444444440165e+01;7.237777777777779420e+01;2.550833333333330089e+01;1.200000000000000000e+01
6.614285714285709616e+01;3.217857142857140218e+01;7.514285714285709616e+01;2.532619047619050079e+01;7.000000000000000000e+00
8.621969696969699726e+01;2.768636363636359832e+01;7.409848484848480155e+01;2.634090909090910060e+01;1.100000000000000000e+01
5.465833333333330302e+01;3.477685185185190164e+01;7.373809523809519817e+01;2.659904761904759951e+01;1.800000000000000000e+01
7.292857142857140218e+01;3.126904761904760122e+01;7.438292682926829968e+01;2.730000000000000071e+01;7.000000000000000000e+00
7.591875000000000284e+01;2.998541666666670125e+01;7.760208333333329733e+01;2.704583333333329875e+01;8.000000000000000000e+00
7.874629629629629335e+01;2.937962962962960134e+01;7.594444444444440023e+01;2.691851851851849986e+01;9.000000000000000000e+00
6.047291666666669840e+01;3.236458333333330017e+01;7.729166666666669983e+01;2.553125000000000000e+01;8.000000000000000000e+00
7.481904761904759482e+01;3.035000000000000142e+01;7.893095238095240518e+01;2.659761904761910145e+01;7.000000000000000000e+00
8.645694444444440308e+01;2.810277777777779917e+01;7.597777777777780273e+01;2.548888888888890136e+01;1.200000000000000000e+01
7.638333333333329733e+01;3.032333333333329861e+01;7.464777777777780443e+01;2.539000000000000057e+01;1.500000000000000000e+01
5.868999999999999773e+01;3.105166666666670139e+01;7.237833333333330188e+01;2.402166666666670025e+01;1.000000000000000000e+01
8.471428571428569398e+01;2.861190476190479970e+01;7.468809523809530049e+01;2.529523809523810129e+01;7.000000000000000000e+00
9.042407407407409892e+01;2.873148148148149872e+01;7.449629629629629335e+01;2.538333333333330089e+01;9.000000000000000000e+00
7.304999999999999716e+01;3.143431372549019898e+01;7.473921568627450540e+01;2.566078431372550028e+01;1.700000000000000000e+01
8.565666666666669471e+01;2.855333333333329904e+01;7.890999999999999659e+01;2.600000000000000000e+01;5.000000000000000000e+00
7.566041666666670551e+01;3.012708333333329946e+01;7.722291666666670551e+01;2.687916666666669840e+01;8.000000000000000000e+00
9.144861111111110574e+01;2.717361111111110006e+01;7.593098591549299670e+01;2.529859154929580001e+01;1.200000000000000000e+01
6.771875000000000000e+01;3.117291666666670125e+01;7.146666666666669698e+01;2.554374999999999929e+01;8.000000000000000000e+00
6.866969696969700010e+01;2.961515151515149924e+01;7.536212121212119541e+01;2.535000000000000142e+01;1.100000000000000000e+01
7.526296296296290222e+01;3.067222222222219941e+01;7.270370370370369528e+01;2.543333333333330160e+01;9.000000000000000000e+00
5.840087719298239932e+01;3.377719298245609991e+01;7.452192982456139703e+01;2.721315789473679914e+01;1.900000000000000000e+01
7.385625000000000284e+01;2.929374999999999929e+01;7.465000000000000568e+01;2.759583333333329946e+01;8.000000000000000000e+00
9.304629629629630472e+01;2.589629629629629903e+01;7.800370370370370665e+01;2.730000000000000071e+01;9.000000000000000000e+00
5.557000000000000028e+01;3.091666666666669983e+01;6.879333333333329392e+01;2.669333333333329961e+01;1.000000000000000000e+01
6.970714285714289815e+01;3.201428571428569825e+01;7.456428571428570251e+01;2.739999999999999858e+01;7.000000000000000000e+00
5.595740740740740193e+01;3.078333333333329946e+01;6.917592592592589540e+01;2.680925925925929931e+01;9.000000000000000000e+00
6.304242424242419673e+01;2.926666666666670125e+01;7.254848484848480439e+01;2.405000000000000071e+01;1.100000000000000000e+01
9.400000000000000000e+01;2.576969696969700152e+01;7.670303030303030312e+01;2.551212121212120110e+01;1.100000000000000000e+01
8.774444444444439739e+01;2.701111111111109864e+01;7.591944444444439455e+01;2.660000000000000142e+01;6.000000000000000000e+00
8.634000000000000341e+01;2.769166666666669840e+01;7.535999999999999943e+01;2.654666666666669883e+01;1.000000000000000000e+01
8.800000000000000000e+01;2.652916666666670054e+01;7.676666666666669414e+01;2.666458333333330089e+01;8.000000000000000000e+00
8.406428571428570251e+01;2.709880952380949992e+01;7.622857142857139934e+01;2.533571428571429962e+01;1.400000000000000000e+01
7.804999999999999716e+01;3.035238095238090139e+01;7.570714285714289815e+01;2.699761904761910003e+01;7.000000000000000000e+00
7.681063829787230191e+01;2.869574468085109942e+01;7.587083333333329449e+01;2.693958333333329946e+01;8.000000000000000000e+00
9.258735632183909559e+01;2.547011494252869923e+01;7.036888888888890392e+01;2.506333333333330060e+01;1.600000000000000000e+01
6.769259259259260375e+01;3.103148148148149943e+01;7.179074074074070211e+01;2.548333333333329875e+01;9.000000000000000000e+00
7.604629629629630472e+01;2.962407407407410176e+01;7.600370370370370665e+01;2.778518518518519897e+01;9.000000000000000000e+00
8.452222222222219727e+01;2.808703703703699972e+01;6.822407407407409607e+01;2.391111111111110077e+01;9.000000000000000000e+00
7.633565891472869680e+01;2.840581395348840132e+01;7.505564202334629442e+01;2.527392996108950030e+01;4.300000000000000000e+01
6.544743589743589496e+01;3.214615384615380123e+01;6.153974358974360115e+01;2.405384615384620162e+01;1.300000000000000000e+01
8.768125000000000568e+01;2.603958333333330089e+01;7.646875000000000000e+01;2.698750000000000071e+01;8.000000000000000000e+00
7.970499999999999829e+01;2.846499999999999986e+01;6.931000000000000227e+01;2.578500000000000014e+01;1.000000000000000000e+01
6.934166666666659751e+01;3.145833333333330017e+01;7.407500000000000284e+01;2.730000000000000071e+01;6.000000000000000000e+00
9.313333333333329733e+01;2.596999999999999886e+01;7.734833333333330074e+01;2.729500000000000171e+01;1.000000000000000000e+01
6.212407407407410176e+01;3.187222222222219870e+01;6.985370370370370097e+01;2.578703703703699901e+01;9.000000000000000000e+00
9.233939393939390072e+01;2.574848484848480012e+01;7.859848484848480155e+01;2.729545454545460004e+01;1.100000000000000000e+01
7.039404761904759766e+01;2.960714285714290028e+01;7.600238095238090352e+01;2.536904761904759908e+01;1.400000000000000000e+01
9.494255319148939520e+01;2.566382978723400043e+01;7.752083333333330017e+01;2.720416666666670125e+01;8.000000000000000000e+00
5.773749999999999716e+01;3.254375000000000284e+01;6.500624999999999432e+01;2.608958333333330160e+01;8.000000000000000000e+00
8.115185185185180217e+01;2.875370370370369955e+01;7.564444444444450255e+01;2.661296296296299957e+01;9.000000000000000000e+00
7.066666666666669983e+01;3.125555555555549958e+01;7.481944444444440023e+01;2.719999999999999929e+01;6.000000000000000000e+00
6.726666666666669414e+01;3.111666666666669911e+01;7.306250000000000000e+01;2.556041666666670054e+01;8.000000000000000000e+00
6.588888888888889994e+01;3.092592592592589895e+01;7.444583333333329733e+01;2.541874999999999929e+01;8.000000000000000000e+00
7.601874999999999716e+01;2.987291666666670054e+01;7.588541666666669983e+01;2.777291666666669911e+01;8.000000000000000000e+00
9.140000000000000568e+01;2.701111111111109864e+01;7.589305555555560545e+01;2.534166666666670054e+01;1.200000000000000000e+01
7.260925925925930358e+01;3.148703703703699830e+01;7.351851851851850483e+01;2.644629629629629974e+01;9.000000000000000000e+00
9.331944444444440023e+01;2.544074074074070069e+01;7.552870370370369812e+01;2.533240740740739838e+01;1.800000000000000000e+01
7.599791666666669698e+01;2.988958333333329875e+01;7.666041666666670551e+01;2.664166666666670125e+01;8.000000000000000000e+00
6.217884615384620162e+01;3.185769230769230020e+01;7.455094339622640121e+01;2.534150943396230105e+01;9.000000000000000000e+00
5.508703703703699972e+01;3.177407407407410034e+01;7.259444444444440592e+01;2.406296296296299886e+01;9.000000000000000000e+00
6.100666666666670324e+01;2.849333333333330032e+01;7.072499999999999432e+01;2.410833333333329875e+01;1.000000000000000000e+01
6.061818181818180307e+01;2.881212121212119825e+01;6.766818181818179312e+01;2.419848484848479941e+01;1.100000000000000000e+01
7.208124999999999716e+01;3.112916666666669840e+01;7.251666666666669414e+01;2.541250000000000142e+01;8.000000000000000000e+00
8.918999999999999773e+01;2.798666666666670011e+01;7.234833333333330074e+01;2.435999999999999943e+01;1.000000000000000000e+01
7.177424242424240219e+01;2.873484848484849863e+01;7.482424242424239935e+01;2.540151515151519845e+01;1.100000000000000000e+01
8.420000000000000284e+01;2.902708333333330160e+01;7.462708333333330302e+01;2.653541666666669840e+01;8.000000000000000000e+00
8.994485981308409350e+01;2.611588785046729910e+01;7.700925925925929505e+01;2.723333333333329875e+01;1.800000000000000000e+01
6.987916666666670551e+01;3.047500000000000142e+01;7.263124999999999432e+01;2.556666666666669840e+01;8.000000000000000000e+00
9.332307692307689706e+01;2.700512820512820156e+01;7.694615384615380549e+01;2.533333333333330017e+01;1.300000000000000000e+01
9.481458333333330302e+01;2.536666666666669911e+01;7.664166666666669414e+01;2.723333333333329875e+01;8.000000000000000000e+00
8.772619047619049581e+01;2.745714285714290170e+01;7.605952380952379599e+01;2.727619047619050008e+01;7.000000000000000000e+00
8.543703703703700114e+01;2.819444444444440023e+01;6.300740740740739909e+01;2.421481481481480103e+01;9.000000000000000000e+00
8.595000000000000284e+01;2.875000000000000000e+01;7.891111111111109722e+01;2.583888888888889923e+01;9.000000000000000000e+00
7.489583333333330017e+01;3.004791666666670125e+01;7.870000000000000284e+01;2.670416666666670125e+01;8.000000000000000000e+00
5.925666666666670324e+01;3.378333333333330302e+01;7.012413793103449677e+01;2.531034482758619930e+01;5.000000000000000000e+00
5.692499999999999716e+01;3.403333333333330302e+01;7.470277777777779704e+01;2.701388888888889994e+01;6.000000000000000000e+00
7.641219512195119989e+01;2.964634146341460053e+01;6.907619047619050434e+01;2.576666666666670125e+01;7.000000000000000000e+00
8.107291666666669983e+01;2.876249999999999929e+01;7.558085106382979745e+01;2.653404255319150096e+01;8.000000000000000000e+00
8.854722222222220296e+01;2.744444444444440023e+01;7.649722222222220580e+01;2.544583333333330089e+01;1.200000000000000000e+01
8.593333333333329449e+01;2.945238095238099874e+01;7.224285714285720417e+01;2.623809523809520172e+01;7.000000000000000000e+00
6.074666666666669812e+01;2.869333333333329961e+01;6.968000000000000682e+01;2.428166666666669826e+01;1.000000000000000000e+01
8.917878787878790092e+01;2.606818181818179880e+01;7.749545454545450696e+01;2.727121212121209837e+01;1.100000000000000000e+01
9.135047619047620060e+01;2.690333333333330046e+01;7.626698564593300489e+01;2.531291866028709947e+01;3.500000000000000000e+01
6.800000000000000000e+01;3.097708333333330089e+01;7.152708333333329449e+01;2.551458333333329875e+01;8.000000000000000000e+00
8.902222222222219727e+01;2.790185185185179861e+01;7.184444444444440592e+01;2.495370370370369884e+01;9.000000000000000000e+00
6.064347826086959969e+01;3.254347826086959827e+01;7.675208333333330302e+01;2.554791666666670125e+01;8.000000000000000000e+00
8.497142857142860350e+01;2.805000000000000071e+01;7.123730158730160156e+01;2.557539682539680115e+01;2.100000000000000000e+01
6.783484848484849294e+01;2.787424242424240006e+01;7.211666666666670267e+01;2.522272727272730108e+01;1.100000000000000000e+01
8.625454545454549304e+01;2.819090909090909847e+01;6.261212121212120252e+01;2.419090909090909847e+01;1.100000000000000000e+01
5.579166666666669983e+01;3.407500000000000284e+01;7.252777777777779988e+01;2.604166666666669983e+01;6.000000000000000000e+00
8.474310344827590313e+01;2.871034482758620143e+01;7.938793103448280419e+01;2.633908045977009849e+01;2.900000000000000000e+01
6.646666666666669698e+01;3.269444444444449971e+01;7.326388888888889994e+01;2.530555555555559977e+01;6.000000000000000000e+00
8.997361111111109722e+01;2.739583333333330017e+01;7.524861111111110290e+01;2.536805555555559977e+01;1.200000000000000000e+01
6.258645833333329733e+01;3.222916666666669983e+01;7.274905660377359595e+01;2.591320754716980090e+01;1.600000000000000000e+01
7.627555555555549915e+01;3.057777777777780059e+01;7.489111111111110120e+01;2.725555555555559906e+01;1.500000000000000000e+01
5.898333333333329875e+01;3.357222222222220154e+01;7.115000000000000568e+01;2.535833333333329875e+01;6.000000000000000000e+00
8.931851851851850199e+01;2.601851851851850128e+01;7.045555555555560545e+01;2.571111111111110148e+01;9.000000000000000000e+00
8.343500000000000227e+01;2.868333333333330160e+01;7.670166666666669641e+01;2.525333333333329833e+01;1.000000000000000000e+01
6.256222222222220353e+01;3.235888888888889880e+01;7.409777777777779306e+01;2.543555555555559877e+01;1.500000000000000000e+01
9.172916666666669983e+01;2.688333333333330089e+01;7.679166666666669983e+01;2.535000000000000142e+01;1.200000000000000000e+01
7.342395833333330302e+01;3.115729166666670125e+01;7.615625000000000000e+01;2.710000000000000142e+01;1.600000000000000000e+01
8.054999999999999716e+01;3.017380952380949921e+01;6.314523809523809916e+01;2.396666666666670054e+01;7.000000000000000000e+00
8.646500000000000341e+01;2.768499999999999872e+01;7.486833333333329676e+01;2.646000000000000085e+01;1.000000000000000000e+01
7.474166666666670267e+01;3.111666666666669911e+01;7.546944444444440592e+01;2.610555555555560048e+01;6.000000000000000000e+00
7.753518518518519897e+01;3.056851851851849844e+01;7.703148148148150653e+01;2.627777777777779988e+01;9.000000000000000000e+00
5.424374999999999858e+01;3.102291666666669911e+01;6.854375000000000284e+01;2.660000000000000142e+01;8.000000000000000000e+00
9.468115942028990162e+01;2.717101449275359926e+01;7.548153846153850566e+01;2.607076923076920139e+01;1.200000000000000000e+01
5.633888888888890278e+01;3.400555555555560261e+01;7.324722222222220580e+01;2.635000000000000142e+01;6.000000000000000000e+00
7.645624999999999716e+01;3.173541666666670125e+01;7.141458333333329733e+01;2.566666666666669983e+01;8.000000000000000000e+00
5.985238095238099731e+01;3.224761904761909648e+01;7.366666666666669983e+01;2.544285714285710043e+01;7.000000000000000000e+00
6.645692307692310408e+01;2.858615384615389843e+01;7.231060606060610496e+01;2.410000000000000142e+01;1.100000000000000000e+01
8.978166666666669471e+01;2.603999999999999915e+01;6.500677966101690686e+01;2.616779661016949987e+01;1.000000000000000000e+01
8.843888888888889710e+01;2.615555555555560119e+01;7.688611111111110574e+01;2.669444444444449971e+01;6.000000000000000000e+00
5.358095238095239665e+01;3.195238095238099874e+01;7.006904761904759482e+01;2.403809523809519888e+01;7.000000000000000000e+00
6.860384615384620588e+01;3.272435897435899932e+01;7.183076923076920650e+01;2.604102564102570128e+01;1.300000000000000000e+01
6.125925925925930215e+01;2.850370370370369955e+01;7.029999999999999716e+01;2.414444444444439952e+01;9.000000000000000000e+00
6.574791666666669698e+01;3.171041666666669911e+01;7.343958333333330302e+01;2.555624999999999858e+01;8.000000000000000000e+00
7.307435897435900074e+01;3.125833333333330089e+01;7.370448717948720230e+01;2.553717948717950037e+01;2.600000000000000000e+01
8.872037037037040363e+01;2.789259259259259949e+01;7.674230769230770477e+01;2.565961538461539959e+01;9.000000000000000000e+00
7.203968253968260171e+01;3.166587301587300018e+01;7.343809523809520101e+01;2.553492063492059927e+01;2.100000000000000000e+01
5.525476190476189942e+01;3.386904761904759908e+01;7.207380952380950134e+01;2.555714285714289957e+01;7.000000000000000000e+00
6.746999999999999886e+01;2.802833333333330046e+01;7.374333333333329676e+01;2.474333333333330032e+01;1.000000000000000000e+01
7.909444444444440592e+01;3.052592592592590037e+01;7.655185185185189312e+01;2.591851851851849986e+01;9.000000000000000000e+00
6.128518518518519897e+01;2.854629629629630116e+01;7.020740740740740193e+01;2.412962962962960134e+01;9.000000000000000000e+00
7.546296296296300454e+01;3.052592592592590037e+01;7.338888888888889994e+01;2.534444444444439881e+01;9.000000000000000000e+00
5.360476190476190084e+01;3.184523809523809845e+01;6.769761904761909932e+01;2.402380952380950063e+01;7.000000000000000000e+00
8.197727272727270531e+01;2.822727272727270176e+01;7.085454545454550157e+01;2.563636363636360116e+01;1.100000000000000000e+01
8.920925925925919842e+01;2.583703703703699972e+01;7.687777777777779420e+01;2.719814814814809978e+01;9.000000000000000000e+00
7.952666666666669926e+01;2.855000000000000071e+01;6.918999999999999773e+01;2.583999999999999986e+01;1.000000000000000000e+01
5.673571428571430175e+01;3.316071428571429891e+01;7.219047619047620401e+01;2.550476190476189942e+01;1.400000000000000000e+01
7.450000000000000000e+01;2.934912280701750120e+01;7.161140350877190031e+01;2.546754385964910128e+01;1.900000000000000000e+01
6.813124999999999432e+01;3.069791666666669983e+01;7.311666666666670267e+01;2.555000000000000071e+01;8.000000000000000000e+00
8.640909090909090651e+01;2.812467532467530162e+01;6.279615384615379980e+01;2.398333333333329875e+01;1.300000000000000000e+01
7.851250000000000284e+01;3.026875000000000071e+01;7.688750000000000284e+01;2.615416666666670054e+01;8.000000000000000000e+00
5.696666666666669698e+01;3.164583333333330017e+01;7.096041666666670267e+01;2.400833333333330089e+01;8.000000000000000000e+00
6.154791666666670125e+01;3.200416666666669840e+01;6.874791666666669698e+01;2.582499999999999929e+01;8.000000000000000000e+00
6.970952380952380167e+01;3.019047619047620046e+01;7.259285714285719848e+01;2.538571428571430033e+01;7.000000000000000000e+00
7.958450704225350592e+01;2.952816901408450079e+01;7.504999999999999716e+01;2.547916666666669983e+01;1.200000000000000000e+01
6.391458333333329733e+01;3.162500000000000000e+01;6.453749999999999432e+01;2.639999999999999858e+01;8.000000000000000000e+00
6.269761904761899984e+01;3.177380952380950063e+01;7.270000000000000284e+01;2.563333333333340036e+01;7.000000000000000000e+00
8.761851851851849915e+01;2.762592592592589824e+01;7.700925925925929505e+01;2.633888888888889923e+01;9.000000000000000000e+00
9.467380952380949566e+01;2.554761904761910074e+01;7.752380952380950419e+01;2.719999999999999929e+01;7.000000000000000000e+00
6.497222222222220012e+01;3.234166666666669698e+01;6.070277777777779704e+01;2.408055555555559835e+01;6.000000000000000000e+00
5.732592592592590108e+01;3.055925925925929931e+01;6.945370370370369528e+01;2.700555555555559906e+01;9.000000000000000000e+00
7.436428571428569967e+01;3.077142857142860066e+01;7.502619047619049297e+01;2.714047619047619975e+01;7.000000000000000000e+00
5.898333333333329875e+01;3.363888888888889994e+01;7.452777777777779988e+01;2.727777777777779988e+01;6.000000000000000000e+00
6.344554455445540242e+01;3.319801980198020175e+01;6.821862745098040648e+01;2.461764705882350057e+01;1.700000000000000000e+01
7.708166666666670608e+01;3.021666666666670054e+01;7.464499999999999602e+01;2.560500000000000043e+01;1.000000000000000000e+01
7.528809523809519533e+01;3.030952380952379954e+01;7.675952380952379883e+01;2.545238095238099874e+01;7.000000000000000000e+00
6.168333333333330160e+01;2.833888888888889923e+01;7.015555555555559408e+01;2.411851851851849915e+01;9.000000000000000000e+00
7.546481481481480103e+01;3.072222222222220012e+01;7.823888888888889426e+01;2.653148148148149943e+01;9.000000000000000000e+00
6.599444444444439739e+01;3.101851851851850128e+01;7.054999999999999716e+01;2.571481481481480103e+01;9.000000000000000000e+00
7.639374999999999716e+01;2.870208333333329875e+01;7.594583333333329733e+01;2.683125000000000071e+01;8.000000000000000000e+00
5.758611111111110148e+01;3.375833333333339681e+01;7.471111111111109437e+01;2.709444444444449829e+01;6.000000000000000000e+00
8.096666666666669698e+01;2.919090909090909847e+01;7.597121212121210476e+01;2.520151515151509969e+01;1.100000000000000000e+01
8.908333333333339965e+01;2.789629629629629903e+01;7.272222222222220012e+01;2.509074074074069927e+01;9.000000000000000000e+00
5.483124999999999716e+01;3.096249999999999858e+01;6.869583333333329733e+01;2.663541666666669983e+01;8.000000000000000000e+00
8.115849056603769895e+01;2.878490566037740095e+01;7.580555555555550029e+01;2.673333333333329875e+01;9.000000000000000000e+00
8.179814814814820068e+01;2.908703703703699972e+01;7.933148148148150369e+01;2.642592592592589895e+01;9.000000000000000000e+00
7.687708333333330302e+01;2.980833333333330160e+01;6.383124999999999716e+01;2.379583333333329875e+01;8.000000000000000000e+00
5.823095238095240234e+01;3.362142857142860208e+01;7.472619047619049581e+01;2.710000000000000142e+01;7.000000000000000000e+00
8.594242424242429479e+01;2.789696969696969830e+01;7.162575757575760349e+01;2.555303030303030098e+01;1.100000000000000000e+01
8.864722222222219727e+01;2.876388888888889994e+01;7.519444444444449971e+01;2.721944444444439881e+01;6.000000000000000000e+00
7.312777777777779420e+01;2.960000000000000142e+01;7.294259259259260375e+01;2.550555555555559906e+01;9.000000000000000000e+00
7.809074074074069927e+01;2.973518518518519826e+01;7.614629629629629903e+01;2.700370370370369955e+01;9.000000000000000000e+00
5.973541666666670125e+01;3.256458333333330302e+01;7.668125000000000568e+01;2.553750000000000142e+01;8.000000000000000000e+00
8.433333333333330017e+01;2.714000000000000057e+01;7.619666666666670096e+01;2.517444444444440066e+01;1.500000000000000000e+01
9.270909090909090366e+01;2.658939393939390072e+01;7.898787878787879890e+01;2.660000000000000142e+01;1.100000000000000000e+01
8.046296296296300454e+01;2.830370370370370026e+01;7.095185185185189880e+01;2.566666666666669983e+01;9.000000000000000000e+00
5.995740740740740193e+01;3.240740740740739767e+01;6.707358490566039677e+01;2.600754716981129988e+01;9.000000000000000000e+00
7.480625000000000568e+01;3.053958333333330089e+01;7.888124999999999432e+01;2.660000000000000142e+01;8.000000000000000000e+00
6.333333333333330017e+01;3.210370370370370097e+01;7.337592592592589824e+01;2.552222222222220083e+01;9.000000000000000000e+00
7.786944444444449687e+01;3.001944444444439952e+01;7.619351851851850199e+01;2.707222222222220154e+01;1.800000000000000000e+01
7.874285714285710469e+01;2.966666666666669983e+01;7.635952380952379315e+01;2.550952380952379883e+01;7.000000000000000000e+00
7.102500000000000568e+01;3.152916666666670054e+01;7.422083333333330302e+01;2.729791666666670125e+01;8.000000000000000000e+00
6.636222222222220068e+01;3.252666666666669926e+01;7.505333333333329904e+01;2.534777777777780017e+01;1.500000000000000000e+01
5.791388888888889852e+01;2.965833333333329946e+01;6.465092592592590393e+01;2.438425925925929860e+01;1.800000000000000000e+01
8.109583333333330302e+01;3.002083333333330017e+01;7.431874999999999432e+01;2.541666666666669983e+01;8.000000000000000000e+00
5.556250000000000000e+01;3.177604166666669983e+01;7.032604166666669698e+01;2.402291666666669911e+01;1.600000000000000000e+01
8.877592592592590393e+01;2.581111111111109935e+01;7.709074074074069927e+01;2.710000000000000142e+01;9.000000000000000000e+00
7.680833333333329449e+01;2.935666666666670110e+01;6.473666666666669300e+01;2.655333333333329904e+01;1.000000000000000000e+01
7.617777777777780557e+01;2.860000000000000142e+01;7.589629629629629903e+01;2.700000000000000000e+01;9.000000000000000000e+00
7.580714285714290668e+01;3.065476190476190155e+01;7.488095238095239381e+01;2.569761904761909932e+01;7.000000000000000000e+00
8.211666666666670267e+01;2.789333333333329890e+01;7.542413793103449393e+01;2.660000000000000142e+01;5.000000000000000000e+00
7.738166666666670324e+01;2.907999999999999829e+01;6.544166666666670551e+01;2.642833333333329904e+01;1.000000000000000000e+01
7.798888888888889426e+01;2.912407407407410176e+01;7.345370370370369528e+01;2.564074074074069998e+01;9.000000000000000000e+00
6.735833333333330586e+01;3.237222222222219870e+01;7.376388888888880047e+01;2.739722222222220083e+01;6.000000000000000000e+00
7.484761904761900553e+01;3.000000000000000000e+01;7.868571428571419801e+01;2.675238095238089997e+01;7.000000000000000000e+00
6.449285714285710469e+01;3.247619047619050292e+01;6.097804878048780353e+01;2.425121951219509953e+01;7.000000000000000000e+00
6.160451612903219853e+01;3.324903225806450280e+01;7.518461538461539817e+01;2.696538461538460041e+01;2.600000000000000000e+01
5.512380952380949850e+01;3.375000000000000000e+01;7.053333333333330302e+01;2.540952380952380096e+01;7.000000000000000000e+00
5.904583333333329875e+01;3.288750000000000284e+01;7.555416666666670267e+01;2.549166666666669911e+01;8.000000000000000000e+00
7.163703703703700398e+01;3.028333333333329946e+01;7.215555555555559408e+01;2.560000000000000142e+01;9.000000000000000000e+00
7.467058823529410461e+01;3.060686274509809834e+01;7.347156862745100625e+01;2.534705882352940165e+01;1.700000000000000000e+01
7.489814814814819499e+01;2.925740740740739909e+01;7.227222222222219727e+01;2.564999999999999858e+01;9.000000000000000000e+00
6.998611111111110006e+01;3.232777777777779704e+01;7.278055555555559408e+01;2.629722222222219941e+01;6.000000000000000000e+00
6.868333333333329449e+01;3.040925925925930073e+01;7.220000000000000284e+01;2.556111111111109935e+01;9.000000000000000000e+00
9.298055555555559692e+01;2.732361111111109864e+01;7.290277777777779988e+01;2.533055555555559835e+01;1.200000000000000000e+01
7.622777777777780273e+01;2.852037037037040079e+01;7.565555555555559408e+01;2.710000000000000142e+01;9.000000000000000000e+00
9.227735849056600159e+01;2.699245283018870012e+01;7.681803278688519754e+01;2.535409836065570133e+01;1.300000000000000000e+01
8.264166666666669414e+01;2.864583333333330017e+01;7.634791666666670551e+01;2.616874999999999929e+01;8.000000000000000000e+00
8.658461538461540385e+01;2.769538461538460083e+01;7.574242424242420668e+01;2.660000000000000142e+01;1.100000000000000000e+01
6.907380952380950134e+01;3.155714285714289957e+01;7.289047619047620685e+01;2.535000000000000142e+01;7.000000000000000000e+00
9.480625000000000568e+01;2.574166666666669911e+01;7.787708333333330302e+01;2.718750000000000000e+01;8.000000000000000000e+00
6.328333333333330302e+01;3.190370370370370168e+01;7.424074074074070495e+01;2.535000000000000142e+01;9.000000000000000000e+00
8.972777777777780273e+01;2.621111111111110148e+01;7.547777777777780273e+01;2.660000000000000142e+01;9.000000000000000000e+00
8.881111111111110290e+01;2.591666666666669983e+01;7.701296296296300170e+01;2.710185185185190093e+01;9.000000000000000000e+00
8.582857142857139365e+01;2.885000000000000142e+01;6.985714285714290384e+01;2.598333333333329875e+01;7.000000000000000000e+00
7.818333333333329449e+01;2.956458333333329946e+01;6.434791666666670551e+01;2.373541666666670125e+01;8.000000000000000000e+00
6.445333333333330472e+01;3.325000000000000000e+01;7.235666666666669755e+01;2.532999999999999829e+01;5.000000000000000000e+00
5.713055555555560261e+01;3.320277777777779704e+01;7.068055555555559977e+01;2.533333333333330017e+01;6.000000000000000000e+00
8.108333333333330017e+01;2.827833333333330046e+01;7.064833333333329790e+01;2.562833333333329833e+01;1.000000000000000000e+01
6.686111111111110006e+01;3.090555555555560119e+01;7.116226415094340041e+01;2.569433962264150040e+01;9.000000000000000000e+00
5.570119047619049724e+01;3.347023809523810201e+01;7.253690476190479330e+01;2.555357142857139863e+01;1.400000000000000000e+01
5.655833333333330160e+01;3.403611111111109722e+01;7.483888888888890278e+01;2.699444444444440094e+01;6.000000000000000000e+00
9.202121212121210192e+01;2.700757575757580042e+01;7.576818181818180165e+01;2.534393939393940087e+01;1.100000000000000000e+01
5.766388888888889852e+01;3.381388888888889710e+01;7.472499999999999432e+01;2.710000000000000142e+01;6.000000000000000000e+00
7.666851851851849631e+01;2.860000000000000142e+01;7.581481481481479534e+01;2.709629629629629832e+01;9.000000000000000000e+00
7.525833333333329733e+01;3.076458333333329875e+01;7.228020833333330586e+01;2.534687500000000071e+01;1.600000000000000000e+01
9.502857142857139650e+01;2.551190476190479828e+01;7.750476190476190652e+01;2.722857142857149881e+01;7.000000000000000000e+00
8.973333333333330586e+01;2.625370370370369955e+01;7.611851851851849915e+01;2.677592592592590037e+01;9.000000000000000000e+00
8.793181818181820120e+01;2.789545454545449843e+01;7.472878787878789808e+01;2.536060606060609857e+01;1.100000000000000000e+01
7.755625000000000568e+01;3.032916666666670125e+01;7.515833333333330302e+01;2.534375000000000000e+01;8.000000000000000000e+00
6.496153846153849543e+01;2.891794871794870048e+01;7.265641025641029671e+01;2.409743589743590064e+01;1.300000000000000000e+01
9.282820512820509862e+01;2.540512820512820014e+01;7.637179487179490422e+01;2.539871794871800148e+01;1.300000000000000000e+01
7.270277777777779704e+01;3.134166666666670054e+01;7.506944444444440023e+01;2.614444444444449900e+01;6.000000000000000000e+00
9.258555555555560090e+01;2.544666666666670096e+01;7.019550561797750277e+01;2.515393258426970036e+01;1.500000000000000000e+01
7.462619047619050150e+01;3.118095238095240163e+01;7.376904761904759766e+01;2.555476190476190013e+01;7.000000000000000000e+00
7.693333333333329449e+01;2.828787878787879961e+01;7.445454545454549589e+01;2.527121212121209837e+01;1.100000000000000000e+01
6.671666666666669698e+01;3.313611111111109864e+01;7.434722222222220012e+01;2.697500000000000142e+01;6.000000000000000000e+00
